Workbook

Sheet README
B2: Healthcare Data Cleaning & Understanding
B3: Internship Project — Data Exploration, Cleaning & Basic Analysis
B5: Objective
B6: This workbook explores a healthcare dataset containing patient information (age, gender, disease, medication and dosage), identifies the type of each column, cleans missing values and duplicate records, and produces basic analysis such as patient count, common diseases and average age.
B8: Dataset
B9: A synthetic but realistic healthcare dataset was generated for this exercise, deliberately including the kinds of problems real hospital data usually has: missing values, inconsistent text formatting (e.g. 'Male' / 'MALE' / 'm'), invalid entries (e.g. impossible ages), and exact duplicate records.
B11: How this workbook is organized
B12: • Column Dictionary — Lists every column, its data type (categorical / numerical / date / identifier) and a description — answers 'what kind of data is in each column'.
B13: • Raw Data — The original, uncleaned dataset exactly as collected, including a formula-driven Duplicate_Flag column that detects exact duplicate rows.
B14: • Data Quality Report — Missing-value counts per column, duplicate/invalid entry counts, and a written log of every cleaning rule applied and why.
B15: • Cleaned Data — The final cleaned dataset after removing duplicates, fixing invalid values and standardizing text — this is the dataset used for analysis.
B16: • Analysis Summary — Basic analysis requested by the task: total patient count, average/median age, gender distribution, most common diseases and most prescribed medications, with charts.
... B28: Every count and average in this workbook is a live Excel formula (COUNTIF, AVERAGE, AVERAGEIFS, etc.) referencing the Cleaned Data sheet — not a typed-in number — so the figures recalculate automatically if the underlying data changes.

Sheet Column Dictionary
B2: Column Dictionary
B3: What kind of data each column holds
B5: Column Name | C5: Data Type | D5: Category | E5: Description | F5: Example Value
B6: PatientID | C6: Text (unique code) | D6: Identifier | E6: Unique ID assigned to each patient record | F6: PT0001
B7: Name | C7: Text | D7: Categorical (nominal) | E7: Patient's full name | F7: Priya Sharma
B8: Age | C8: Numeric (integer) | D8: Numerical (discrete) | E8: Patient's age in years | F8: 45
B9: Gender | C9: Text | D9: Categorical (nominal) | E9: Patient's gender | F9: Male
B10: Disease | C10: Text | D10: Categorical (nominal) | E10: Diagnosed medical condition | F10: Hypertension
B11: Medication | C11: Text | D11: Categorical (nominal) | E11: Medication prescribed for the disease | F11: Amlodipine
B12: Dosage_mg | C12: Numeric (continuous) | D12: Numerical | E12: Prescribed dosage, in milligrams | F12: 10
B13: Admission_Date | C13: Date | D13: Date / Time | E13: Date the patient was admitted | F13: 2025-03-14

Sheet Raw Data
A1: PatientID | B1: Name | C1: Age | D1: Gender | E1: Disease | F1: Medication | G1: Dosage_mg | H1: Admission_Date | I1: RowKey (helper) | J1: Duplicate_Flag
A2: PT0137 | B2: Rohit Nair | C2: 58 | D2: M | E2: Arthritis | F2: Ibuprofen | G2: 320 | H2: 45731 | I2: =A2&"|"&B2&"|"&C2&"|"&D2&"|"&E2&"|"&F2&"|"&G2&"|"&H2 -> PT0137|Rohit Nair|58|M|Arthritis|Ibuprofen|320|45731 | J2: =IF(COUNTIF($I$2:I2,I2)>1,"Duplicate","Unique") -> Unique
A3: PT0035 | B3: Alok Mishra | C3: 55 | D3: Male | E3: Diabetes | F3: Metformin | G3: 755 | H3: 45596 | I3: =A3&"|"&B3&"|"&C3&"|"&D3&"|"&E3&"|"&F3&"|"&G3&"|"&H3 -> PT0035|Alok Mishra|55|Male|Diabetes| Metformin |755|45596 | J3: =IF(COUNTIF($I$2:I3,I3)>1,"Duplicate","Unique") -> Unique
A4: PT0214 | B4: Vinod Chauhan | C4: 50 | D4: Male | E4: Depression | F4: SERTRALINE | G4: 75 | H4: 45690 | I4: =A4&"|"&B4&"|"&C4&"|"&D4&"|"&E4&"|"&F4&"|"&G4&"|"&H4 -> PT0214|Vinod Chauhan|50| Male| Depression |SERTRALINE|75|45690 | J4: =IF(COUNTIF($I$2:I4,I4)>1,"Duplicate","Unique") -> Unique
A5: PT0088 | B5: Payal Shukla | C5: 58 | D5: female | E5: Diabetes | G5: 765 | H5: 45794 | I5: =A5&"|"&B5&"|"&C5&"|"&D5&"|"&E5&"|"&F5&"|"&G5&"|"&H5 -> PT0088|Payal Shukla|58|female|Diabetes ||765|45794 | J5: =IF(COUNTIF($I$2:I5,I5)>1,"Duplicate","Unique") -> Unique
A6: PT0198 | B6: Sanjay Shukla | C6: 39 | D6: MALE | E6: Flu | F6: Paracetamol | G6: 550 | H6: 45697 | I6: =A6&"|"&B6&"|"&C6&"|"&D6&"|"&E6&"|"&F6&"|"&G6&"|"&H6 -> PT0198|Sanjay Shukla|39|MALE| Flu |Paracetamol |550|45697 | J6: =IF(COUNTIF($I$2:I6,I6)>1,"Duplicate","Unique") -> Unique
A7: PT0002 | B7: Priya Gupta | C7: 55 | D7: Female | E7: Diabetes | F7: metformin | G7: 820 | H7: 46152 | I7: =A7&"|"&B7&"|"&C7&"|"&D7&"|"&E7&"|"&F7&"|"&G7&"|"&H7 -> PT0002|Priya Gupta|55|Female| Diabetes |metformin|820|46152 | J7: =IF(COUNTIF($I$2:I7,I7)>1,"Duplicate","Unique") -> Unique
A8: PT0142 | B8: Ritu Pandey | C8: 74 | D8: F | E8: HYPERTENSION | F8: amlodipine | G8: 10 | H8: 46258 | I8: =A8&"|"&B8&"|"&C8&"|"&D8&"|"&E8&"|"&F8&"|"&G8&"|"&H8 -> PT0142|Ritu Pandey|74|F|HYPERTENSION|amlodipine|10|46258 | J8: =IF(COUNTIF($I$2:I8,I8)>1,"Duplicate","Unique") -> Unique
A9: PT0150 | B9: Suresh Joshi | C9: 45 | E9: hypertension | F9: AMLODIPINE | G9: 10 | H9: 45565 | I9: =A9&"|"&B9&"|"&C9&"|"&D9&"|"&E9&"|"&F9&"|"&G9&"|"&H9 -> PT0150|Suresh Joshi|45||hypertension|AMLODIPINE|10|45565 | J9: =IF(COUNTIF($I$2:I9,I9)>1,"Duplicate","Unique") -> Unique
A10: PT0074 | B10: Sarita Reddy | C10: 23 | D10: Female | E10: Asthma | F10: SALBUTAMOL | G10: 185 | H10: 45791 | I10: =A10&"|"&B10&"|"&C10&"|"&D10&"|"&E10&"|"&F10&"|"&G10&"|"&H10 -> PT0074|Sarita Reddy|23| Female| Asthma |SALBUTAMOL|185|45791 | J10: =IF(COUNTIF($I$2:I10,I10)>1,"Duplicate","Unique") -> Unique
A11: PT0095 | B11: Preeti Agarwal | C11: 59 | D11: f | E11: hypertension | F11: Amlodipine | G11: 5 | H11: 45891 | I11: =A11&"|"&B11&"|"&C11&"|"&D11&"|"&E11&"|"&F11&"|"&G11&"|"&H11 -> PT0095|Preeti Agarwal|59|f|hypertension| Amlodipine |5|45891 | J11: =IF(COUNTIF($I$2:I11,I11)>1,"Duplicate","Unique") -> Unique
A12: PT0011 | B12: Gopal Rao | C12: 48 | D12: male | E12: bronchitis | F12: Azithromycin | G12: 265 | H12: 45770 | I12: =A12&"|"&B12&"|"&C12&"|"&D12&"|"&E12&"|"&F12&"|"&G12&"|"&H12 -> PT0011|Gopal Rao|48|male|bronchitis|Azithromycin|265|45770 | J12: =IF(COUNTIF($I$2:I12,I12)>1,"Duplicate","Unique") -> Unique
A13: PT0015 | B13: Arjun Rathore | C13: 57 | D13: Male | F13: salbutamol | H13: 45584 | I13: =A13&"|"&B13&"|"&C13&"|"&D13&"|"&E13&"|"&F13&"|"&G13&"|"&H13 -> PT0015|Arjun Rathore|57|Male||salbutamol||45584 | J13: =IF(COUNTIF($I$2:I13,I13)>1,"Duplicate","Unique") -> Unique
A14: PT0182 | B14: Lata Sharma | C14: 69 | D14: FEMALE | E14: Hypertension | F14: Amlodipine | G14: 10 | H14: 45947 | I14: =A14&"|"&B14&"|"&C14&"|"&D14&"|"&E14&"|"&F14&"|"&G14&"|"&H14 -> PT0182|Lata Sharma|69|FEMALE| Hypertension |Amlodipine|10|45947 | J14: =IF(COUNTIF($I$2:I14,I14)>1,"Duplicate","Unique") -> Unique
A15: PT0203 | B15: Usha Verma | C15: 60 | D15: female | E15: diabetes | F15: Metformin | G15: 585 | H15: 45797 | I15: =A15&"|"&B15&"|"&C15&"|"&D15&"|"&E15&"|"&F15&"|"&G15&"|"&H15 -> PT0203|Usha Verma|60|female|diabetes|Metformin |585|45797 | J15: =IF(COUNTIF($I$2:I15,I15)>1,"Duplicate","Unique") -> Unique
A16: PT0032 | B16: Gopal Singh | C16: 56 | D16: male | E16: hypertension | F16: Amlodipine | G16: 10 | H16: 45647 | I16: =A16&"|"&B16&"|"&C16&"|"&D16&"|"&E16&"|"&F16&"|"&G16&"|"&H16 -> PT0032|Gopal Singh|56|male|hypertension|Amlodipine|10|45647 | J16: =IF(COUNTIF($I$2:I16,I16)>1,"Duplicate","Unique") -> Unique
A17: PT0151 | B17: Swati Verma | C17: 40 | D17: Female | E17: HYPERTENSION | G17: 10 | I17: =A17&"|"&B17&"|"&C17&"|"&D17&"|"&E17&"|"&F17&"|"&G17&"|"&H17 -> PT0151|Swati Verma|40|Female |HYPERTENSION||10| | J17: =IF(COUNTIF($I$2:I17,I17)>1,"Duplicate","Unique") -> Unique
A18: PT0069 | B18: Karan Kumar | C18: 37 | D18: Male | E18: Migraine | F18: Sumatriptan | G18: 75 | H18: 45631 | I18: =A18&"|"&B18&"|"&C18&"|"&D18&"|"&E18&"|"&F18&"|"&G18&"|"&H18 -> PT0069|Karan Kumar|37|Male| Migraine |Sumatriptan |75|45631 | J18: =IF(COUNTIF($I$2:I18,I18)>1,"Duplicate","Unique") -> Unique
A19: PT0144 | B19: Ramesh Reddy | C19: 43 | D19: MALE | E19: THYROID DISORDER | F19: Levothyroxine | G19: 75 | H19: 45638 | I19: =A19&"|"&B19&"|"&C19&"|"&D19&"|"&E19&"|"&F19&"|"&G19&"|"&H19 -> PT0144|Ramesh Reddy|43|MALE|THYROID DISORDER| Levothyroxine |75|45638 | J19: =IF(COUNTIF($I$2:I19,I19)>1,"Duplicate","Unique") -> Unique
A20: PT0108 | B20: Divya Kumar | C20: 59 | D20: FEMALE | E20: Diabetes | F20: Metformin | G20: 970 | H20: 46031 | I20: =A20&"|"&B20&"|"&C20&"|"&D20&"|"&E20&"|"&F20&"|"&G20&"|"&H20 -> PT0108|Divya Kumar|59|FEMALE| Diabetes |Metformin |970|46031 | J20: =IF(COUNTIF($I$2:I20,I20)>1,"Duplicate","Unique") -> Unique
A21: PT0218 | B21: Swati Choudhary | C21: 31 | D21: female | E21: MIGRAINE | F21: Sumatriptan | G21: 75 | H21: 46155 | I21: =A21&"|"&B21&"|"&C21&"|"&D21&"|"&E21&"|"&F21&"|"&G21&"|"&H21 -> PT0218|Swati Choudhary|31|female|MIGRAINE|Sumatriptan|75|46155 | J21: =IF(COUNTIF($I$2:I21,I21)>1,"Duplicate","Unique") -> Unique
A22: PT0162 | B22: Pooja Rao | C22: 52 | D22: FEMALE | E22: Depression | F22: Sertraline | G22: 80 | H22: 46079 | I22: =A22&"|"&B22&"|"&C22&"|"&D22&"|"&E22&"|"&F22&"|"&G22&"|"&H22 -> PT0162|Pooja Rao|52|FEMALE|Depression| Sertraline |80|46079 | J22: =IF(COUNTIF($I$2:I22,I22)>1,"Duplicate","Unique") -> Unique
A23: PT0202 | B23: Suman Choudhary | C23: 50 | D23: f | E23: Asthma | F23: SALBUTAMOL | G23: 145 | H23: 45582 | I23: =A23&"|"&B23&"|"&C23&"|"&D23&"|"&E23&"|"&F23&"|"&G23&"|"&H23 -> PT0202|Suman Choudhary|50|f| Asthma |SALBUTAMOL|145|45582 | J23: =IF(COUNTIF($I$2:I23,I23)>1,"Duplicate","Unique") -> Unique
A24: PT0055 | B24: Karan Kumar | C24: 48 | D24: Male | E24: Anemia | F24: Ferrous Sulfate | G24: 250 | H24: 45957 | I24: =A24&"|"&B24&"|"&C24&"|"&D24&"|"&E24&"|"&F24&"|"&G24&"|"&H24 -> PT0055|Karan Kumar|48| Male| Anemia |Ferrous Sulfate|250|45957 | J24: =IF(COUNTIF($I$2:I24,I24)>1,"Duplicate","Unique") -> Unique
A25: PT0160 | B25: Dinesh Yadav | C25: 33 | D25: M | E25: MIGRAINE | F25: sumatriptan | G25: 30 | H25: 45852 | I25: =A25&"|"&B25&"|"&C25&"|"&D25&"|"&E25&"|"&F25&"|"&G25&"|"&H25 -> PT0160|Dinesh Yadav|33|M|MIGRAINE|sumatriptan|30|45852 | J25: =IF(COUNTIF($I$2:I25,I25)>1,"Duplicate","Unique") -> Unique
A26: PT0037 | B26: Sarita Rao | C26: 34 | D26: Female | E26: Diabetes | F26: Metformin | G26: 635 | H26: 45595 | I26: =A26&"|"&B26&"|"&C26&"|"&D26&"|"&E26&"|"&F26&"|"&G26&"|"&H26 -> PT0037|Sarita Rao|34| Female|Diabetes |Metformin |635|45595 | J26: =IF(COUNTIF($I$2:I26,I26)>1,"Duplicate","Unique") -> Unique
A27: PT0084 | B27: Nisha Nair | C27: 38 | D27: F | E27: Hypertension | F27: Amlodipine | G27: 10 | H27: 46220 | I27: =A27&"|"&B27&"|"&C27&"|"&D27&"|"&E27&"|"&F27&"|"&G27&"|"&H27 -> PT0084|Nisha Nair|38|F|Hypertension |Amlodipine|10|46220 | J27: =IF(COUNTIF($I$2:I27,I27)>1,"Duplicate","Unique") -> Unique
A28: PT0057 | B28: Ritu Verma | C28: 53 | D28: Female | E28: OBESITY | F28: Orlistat | G28: 95 | H28: 45894 | I28: =A28&"|"&B28&"|"&C28&"|"&D28&"|"&E28&"|"&F28&"|"&G28&"|"&H28 -> PT0057|Ritu Verma|53|Female |OBESITY|Orlistat|95|45894 | J28: =IF(COUNTIF($I$2:I28,I28)>1,"Duplicate","Unique") -> Unique
A29: PT0225 | B29: Arjun Yadav | C29: 10 | D29: Male | E29: Diabetes | F29: Metformin | G29: 740 | H29: 46194 | I29: =A29&"|"&B29&"|"&C29&"|"&D29&"|"&E29&"|"&F29&"|"&G29&"|"&H29 -> PT0225|Arjun Yadav|10| Male| Diabetes | Metformin |740|46194 | J29: =IF(COUNTIF($I$2:I29,I29)>1,"Duplicate","Unique") -> Unique
... A34: PT0178 | B34: Neha Singh | C34: 46 | D34: female | E34: Migraine | F34: Sumatriptan | G34: 25 | H34: 45670 | I34: =A34&"|"&B34&"|"&C34&"|"&D34&"|"&E34&"|"&F34&"|"&G34&"|"&H34 -> PT0178|Neha Singh|46|female| Migraine |Sumatriptan |25|45670 | J34: =IF(COUNTIF($I$2:I34,I34)>1,"Duplicate","Unique") -> Unique
A35: PT0219 | B35: Pooja Verma | C35: 14 | D35: Female | E35: Obesity | G35: 115 | H35: 45622 | I35: =A35&"|"&B35&"|"&C35&"|"&D35&"|"&E35&"|"&F35&"|"&G35&"|"&H35 -> PT0219|Pooja Verma|14| Female|Obesity ||115|45622 | J35: =IF(COUNTIF($I$2:I35,I35)>1,"Duplicate","Unique") -> Unique
A36: PT0100 | B36: Vijay Tiwari | C36: 52 | D36: Male | E36: Allergy | F36: Cetirizine | G36: 5 | H36: 46011 | I36: =A36&"|"&B36&"|"&C36&"|"&D36&"|"&E36&"|"&F36&"|"&G36&"|"&H36 -> PT0100|Vijay Tiwari|52| Male|Allergy|Cetirizine |5|46011 | J36: =IF(COUNTIF($I$2:I36,I36)>1,"Duplicate","Unique") -> Unique
A37: PT0070 | B37: Dinesh Mishra | C37: 33 | D37: Male | F37: Sumatriptan | G37: 60 | H37: 45739 | I37: =A37&"|"&B37&"|"&C37&"|"&D37&"|"&E37&"|"&F37&"|"&G37&"|"&H37 -> PT0070|Dinesh Mishra|33|Male ||Sumatriptan |60|45739 | J37: =IF(COUNTIF($I$2:I37,I37)>1,"Duplicate","Unique") -> Unique
A38: PT0209 | B38: Kavita Mishra | C38: 999 | D38: Female | E38: Hypertension | F38: Amlodipine | G38: 10 | H38: 45883 | I38: =A38&"|"&B38&"|"&C38&"|"&D38&"|"&E38&"|"&F38&"|"&G38&"|"&H38 -> PT0209|Kavita Mishra|999|Female|Hypertension |Amlodipine |10|45883 | J38: =IF(COUNTIF($I$2:I38,I38)>1,"Duplicate","Unique") -> Unique
A39: PT0040 | B39: Mahesh Mishra | C39: 83 | D39: MALE | E39: FLU | F39: Paracetamol | G39: 650 | H39: 46119 | I39: =A39&"|"&B39&"|"&C39&"|"&D39&"|"&E39&"|"&F39&"|"&G39&"|"&H39 -> PT0040|Mahesh Mishra|83|MALE|FLU|Paracetamol |650|46119 | J39: =IF(COUNTIF($I$2:I39,I39)>1,"Duplicate","Unique") -> Unique
A40: PT0167 | B40: Rekha Nair | C40: 82 | D40: FEMALE | E40: Arthritis | F40: Ibuprofen | G40: 395 | H40: 45762 | I40: =A40&"|"&B40&"|"&C40&"|"&D40&"|"&E40&"|"&F40&"|"&G40&"|"&H40 -> PT0167|Rekha Nair|82|FEMALE|Arthritis |Ibuprofen |395|45762 | J40: =IF(COUNTIF($I$2:I40,I40)>1,"Duplicate","Unique") -> Unique
A41: PT0077 | B41: Ashok Joshi | D41: m | E41: Asthma | F41: salbutamol | G41: 140 | H41: 45789 | I41: =A41&"|"&B41&"|"&C41&"|"&D41&"|"&E41&"|"&F41&"|"&G41&"|"&H41 -> PT0077|Ashok Joshi||m| Asthma |salbutamol|140|45789 | J41: =IF(COUNTIF($I$2:I41,I41)>1,"Duplicate","Unique") -> Unique
A42: PT0199 | B42: Vandana Chauhan | C42: 49 | D42: F | E42: hypertension | F42: AMLODIPINE | G42: 5 | H42: 45695 | I42: =A42&"|"&B42&"|"&C42&"|"&D42&"|"&E42&"|"&F42&"|"&G42&"|"&H42 -> PT0199|Vandana Chauhan|49|F|hypertension|AMLODIPINE|5|45695 | J42: =IF(COUNTIF($I$2:I42,I42)>1,"Duplicate","Unique") -> Unique
A43: PT0091 | B43: Vinod Yadav | C43: 46 | D43: Male | E43: HYPERTENSION | F43: Amlodipine | H43: 46012 | I43: =A43&"|"&B43&"|"&C43&"|"&D43&"|"&E43&"|"&F43&"|"&G43&"|"&H43 -> PT0091|Vinod Yadav|46| Male|HYPERTENSION| Amlodipine ||46012 | J43: =IF(COUNTIF($I$2:I43,I43)>1,"Duplicate","Unique") -> Unique
A44: PT0161 | B44: Amit Choudhary | C44: 39 | D44: Male | E44: allergy | F44: Cetirizine | G44: 10 | H44: 45961 | I44: =A44&"|"&B44&"|"&C44&"|"&D44&"|"&E44&"|"&F44&"|"&G44&"|"&H44 -> PT0161|Amit Choudhary|39| Male|allergy| Cetirizine |10|45961 | J44: =IF(COUNTIF($I$2:I44,I44)>1,"Duplicate","Unique") -> Unique
A45: PT0036 | B45: Priya Shukla | C45: 63 | D45: f | E45: Diabetes | F45: Metformin | G45: 1000 | I45: =A45&"|"&B45&"|"&C45&"|"&D45&"|"&E45&"|"&F45&"|"&G45&"|"&H45 -> PT0036|Priya Shukla|63|f|Diabetes |Metformin|1000| | J45: =IF(COUNTIF($I$2:I45,I45)>1,"Duplicate","Unique") -> Unique
A46: PT0175 | B46: Gopal Saxena | C46: 51 | D46: m | E46: Flu | F46: PARACETAMOL | G46: 520 | H46: 46114 | I46: =A46&"|"&B46&"|"&C46&"|"&D46&"|"&E46&"|"&F46&"|"&G46&"|"&H46 -> PT0175|Gopal Saxena|51|m| Flu |PARACETAMOL|520|46114 | J46: =IF(COUNTIF($I$2:I46,I46)>1,"Duplicate","Unique") -> Unique
A47: PT0101 | B47: Mahesh Shukla | C47: 34 | D47: m | E47: flu | F47: paracetamol | G47: 575 | H47: 45753 | I47: =A47&"|"&B47&"|"&C47&"|"&D47&"|"&E47&"|"&F47&"|"&G47&"|"&H47 -> PT0101|Mahesh Shukla|34|m|flu|paracetamol|575|45753 | J47: =IF(COUNTIF($I$2:I47,I47)>1,"Duplicate","Unique") -> Unique
A48: PT0060 | B48: Ashok Chauhan | C48: 42 | D48: MALE | E48: Gastritis | F48: OMEPRAZOLE | G48: 20 | H48: 45803 | I48: =A48&"|"&B48&"|"&C48&"|"&D48&"|"&E48&"|"&F48&"|"&G48&"|"&H48 -> PT0060|Ashok Chauhan|42|MALE|Gastritis|OMEPRAZOLE|20|45803 | J48: =IF(COUNTIF($I$2:I48,I48)>1,"Duplicate","Unique") -> Unique
A49: PT0073 | B49: Pooja Sharma | C49: 73 | D49: FEMALE | E49: Allergy | F49: Cetirizine | G49: 10 | H49: 45760 | I49: =A49&"|"&B49&"|"&C49&"|"&D49&"|"&E49&"|"&F49&"|"&G49&"|"&H49 -> PT0073|Pooja Sharma|73|FEMALE| Allergy |Cetirizine |10|45760 | J49: =IF(COUNTIF($I$2:I49,I49)>1,"Duplicate","Unique") -> Unique
A50: PT0063 | B50: Sarita Pandey | C50: 86 | D50: Female | E50: asthma | F50: Salbutamol | G50: 130 | H50: 45908 | I50: =A50&"|"&B50&"|"&C50&"|"&D50&"|"&E50&"|"&F50&"|"&G50&"|"&H50 -> PT0063|Sarita Pandey|86|Female|asthma| Salbutamol |130|45908 | J50: =IF(COUNTIF($I$2:I50,I50)>1,"Duplicate","Unique") -> Unique
A51: PT0105 | B51: Vijay Agarwal | C51: 50 | D51: Male | E51: DIABETES | F51: METFORMIN | G51: 870 | H51: 45913 | I51: =A51&"|"&B51&"|"&C51&"|"&D51&"|"&E51&"|"&F51&"|"&G51&"|"&H51 -> PT0105|Vijay Agarwal|50|Male |DIABETES|METFORMIN|870|45913 | J51: =IF(COUNTIF($I$2:I51,I51)>1,"Duplicate","Unique") -> Unique
A52: PT0009 | B52: Shalini Rathore | C52: 54 | D52: f | E52: Migraine | F52: Sumatriptan | G52: 35 | H52: 46159 | I52: =A52&"|"&B52&"|"&C52&"|"&D52&"|"&E52&"|"&F52&"|"&G52&"|"&H52 -> PT0009|Shalini Rathore|54|f|Migraine | Sumatriptan |35|46159 | J52: =IF(COUNTIF($I$2:I52,I52)>1,"Duplicate","Unique") -> Unique
A53: PT0052 | B53: Shweta Choudhary | C53: 73 | D53: FEMALE | E53: ARTHRITIS | F53: Ibuprofen | G53: 335 | H53: 45666 | I53: =A53&"|"&B53&"|"&C53&"|"&D53&"|"&E53&"|"&F53&"|"&G53&"|"&H53 -> PT0052|Shweta Choudhary|73|FEMALE|ARTHRITIS| Ibuprofen |335|45666 | J53: =IF(COUNTIF($I$2:I53,I53)>1,"Duplicate","Unique") -> Unique
A54: PT0192 | B54: Manju Reddy | C54: 24 | D54: Female | E54: Diabetes | F54: metformin | G54: 920 | H54: 46029 | I54: =A54&"|"&B54&"|"&C54&"|"&D54&"|"&E54&"|"&F54&"|"&G54&"|"&H54 -> PT0192|Manju Reddy|24|Female| Diabetes |metformin|920|46029 | J54: =IF(COUNTIF($I$2:I54,I54)>1,"Duplicate","Unique") -> Unique
A55: PT0019 | B55: Suman Pandey | C55: 46 | D55: Female | E55: Anemia | F55: Ferrous Sulfate | G55: 315 | H55: 45805 | I55: =A55&"|"&B55&"|"&C55&"|"&D55&"|"&E55&"|"&F55&"|"&G55&"|"&H55 -> PT0019|Suman Pandey|46|Female| Anemia |Ferrous Sulfate|315|45805 | J55: =IF(COUNTIF($I$2:I55,I55)>1,"Duplicate","Unique") -> Unique
A56: PT0110 | B56: Suman Sharma | C56: 16 | D56: Female | E56: anemia | F56: Ferrous Sulfate | G56: 220 | H56: 45816 | I56: =A56&"|"&B56&"|"&C56&"|"&D56&"|"&E56&"|"&F56&"|"&G56&"|"&H56 -> PT0110|Suman Sharma|16|Female|anemia| Ferrous Sulfate |220|45816 | J56: =IF(COUNTIF($I$2:I56,I56)>1,"Duplicate","Unique") -> Unique
A57: PT0194 | B57: Alok Rao | C57: 31 | D57: Male | E57: COVID-19 | F57: Favipiravir | G57: 1790 | H57: 46164 | I57: =A57&"|"&B57&"|"&C57&"|"&D57&"|"&E57&"|"&F57&"|"&G57&"|"&H57 -> PT0194|Alok Rao|31| Male|COVID-19| Favipiravir |1790|46164 | J57: =IF(COUNTIF($I$2:I57,I57)>1,"Duplicate","Unique") -> Unique
A58: PT0080 | B58: Kiran Yadav | C58: 61 | D58: f | E58: ANEMIA | F58: Ferrous Sulfate | G58: 210 | H58: 45960 | I58: =A58&"|"&B58&"|"&C58&"|"&D58&"|"&E58&"|"&F58&"|"&G58&"|"&H58 -> PT0080|Kiran Yadav|61|f|ANEMIA|Ferrous Sulfate|210|45960 | J58: =IF(COUNTIF($I$2:I58,I58)>1,"Duplicate","Unique") -> Unique
A59: PT0223 | B59: Ajay Tiwari | D59: Male | E59: ALLERGY | F59: Cetirizine | G59: 5 | H59: 45877 | I59: =A59&"|"&B59&"|"&C59&"|"&D59&"|"&E59&"|"&F59&"|"&G59&"|"&H59 -> PT0223|Ajay Tiwari|| Male|ALLERGY|Cetirizine|5|45877 | J59: =IF(COUNTIF($I$2:I59,I59)>1,"Duplicate","Unique") -> Unique
A60: PT0049 | B60: Manoj Verma | C60: 61 | D60: male | E60: Diabetes | F60: Metformin | G60: 500 | H60: 45877 | I60: =A60&"|"&B60&"|"&C60&"|"&D60&"|"&E60&"|"&F60&"|"&G60&"|"&H60 -> PT0049|Manoj Verma|61|male|Diabetes|Metformin |500|45877 | J60: =IF(COUNTIF($I$2:I60,I60)>1,"Duplicate","Unique") -> Unique
A61: PT0045 | B61: Shweta Gupta | C61: 58 | D61: Female | E61: Hypertension | F61: Amlodipine | G61: 10 | H61: 46162 | I61: =A61&"|"&B61&"|"&C61&"|"&D61&"|"&E61&"|"&F61&"|"&G61&"|"&H61 -> PT0045|Shweta Gupta|58|Female| Hypertension | Amlodipine |10|46162 | J61: =IF(COUNTIF($I$2:I61,I61)>1,"Duplicate","Unique") -> Unique
A62: PT0173 | C62: 67 | D62: Female | E62: Arthritis | F62: IBUPROFEN | G62: 310 | H62: 45598 | I62: =A62&"|"&B62&"|"&C62&"|"&D62&"|"&E62&"|"&F62&"|"&G62&"|"&H62 -> PT0173||67|Female|Arthritis|IBUPROFEN|310|45598 | J62: =IF(COUNTIF($I$2:I62,I62)>1,"Duplicate","Unique") -> Unique
A63: PT0207 | B63: Rakesh Shukla | C63: 40 | D63: M | E63: hypertension | F63: Amlodipine | G63: 5 | H63: 45868 | I63: =A63&"|"&B63&"|"&C63&"|"&D63&"|"&E63&"|"&F63&"|"&G63&"|"&H63 -> PT0207|Rakesh Shukla|40|M|hypertension|Amlodipine |5|45868 | J63: =IF(COUNTIF($I$2:I63,I63)>1,"Duplicate","Unique") -> Unique
A64: PT0149 | B64: Lata Agarwal | C64: 75 | D64: female | E64: FLU | F64: paracetamol | G64: 515 | H64: 46184 | I64: =A64&"|"&B64&"|"&C64&"|"&D64&"|"&E64&"|"&F64&"|"&G64&"|"&H64 -> PT0149|Lata Agarwal|75|female|FLU|paracetamol|515|46184 | J64: =IF(COUNTIF($I$2:I64,I64)>1,"Duplicate","Unique") -> Unique
A65: PT0154 | B65: Priya Joshi | C65: 40 | D65: Female | E65: Allergy | F65: Cetirizine | G65: 5 | H65: 45611 | I65: =A65&"|"&B65&"|"&C65&"|"&D65&"|"&E65&"|"&F65&"|"&G65&"|"&H65 -> PT0154|Priya Joshi|40|Female| Allergy |Cetirizine |5|45611 | J65: =IF(COUNTIF($I$2:I65,I65)>1,"Duplicate","Unique") -> Unique
A66: PT0153 | B66: Deepak Nair | C66: 54 | D66: MALE | E66: Asthma | F66: Salbutamol | G66: 140 | H66: 46006 | I66: =A66&"|"&B66&"|"&C66&"|"&D66&"|"&E66&"|"&F66&"|"&G66&"|"&H66 -> PT0153|Deepak Nair|54|MALE| Asthma |Salbutamol|140|46006 | J66: =IF(COUNTIF($I$2:I66,I66)>1,"Duplicate","Unique") -> Unique
A67: PT0042 | B67: Sanjay Chauhan | C67: 32 | D67: m | E67: diabetes | F67: Metformin | G67: 750 | I67: =A67&"|"&B67&"|"&C67&"|"&D67&"|"&E67&"|"&F67&"|"&G67&"|"&H67 -> PT0042|Sanjay Chauhan|32|m|diabetes|Metformin|750| | J67: =IF(COUNTIF($I$2:I67,I67)>1,"Duplicate","Unique") -> Unique
A68: PT0050 | B68: Gopal Tiwari | C68: 55 | D68: Male | E68: hypertension | F68: AMLODIPINE | H68: 46100 | I68: =A68&"|"&B68&"|"&C68&"|"&D68&"|"&E68&"|"&F68&"|"&G68&"|"&H68 -> PT0050|Gopal Tiwari|55| Male|hypertension|AMLODIPINE||46100 | J68: =IF(COUNTIF($I$2:I68,I68)>1,"Duplicate","Unique") -> Unique
A69: PT0220 | B69: Anil Verma | D69: Male | E69: DIABETES | F69: Metformin | G69: 780 | H69: 45985 | I69: =A69&"|"&B69&"|"&C69&"|"&D69&"|"&E69&"|"&F69&"|"&G69&"|"&H69 -> PT0220|Anil Verma|| Male|DIABETES|Metformin|780|45985 | J69: =IF(COUNTIF($I$2:I69,I69)>1,"Duplicate","Unique") -> Unique
A70: PT0218 | B70: Swati Choudhary | C70: 31 | D70: female | E70: MIGRAINE | F70: Sumatriptan | G70: 75 | H70: 46155 | I70: =A70&"|"&B70&"|"&C70&"|"&D70&"|"&E70&"|"&F70&"|"&G70&"|"&H70 -> PT0218|Swati Choudhary|31|female|MIGRAINE|Sumatriptan|75|46155 | J70: =IF(COUNTIF($I$2:I70,I70)>1,"Duplicate","Unique") -> Duplicate
A71: PT0075 | B71: Suresh Joshi | C71: 58 | D71: Male | E71: Asthma | F71: salbutamol | G71: 185 | H71: 46145 | I71: =A71&"|"&B71&"|"&C71&"|"&D71&"|"&E71&"|"&F71&"|"&G71&"|"&H71 -> PT0075|Suresh Joshi|58| Male| Asthma |salbutamol|185|46145 | J71: =IF(COUNTIF($I$2:I71,I71)>1,"Duplicate","Unique") -> Unique
A72: PT0156 | B72: Kiran Nair | C72: 89 | D72: f | E72: hypertension | F72: Amlodipine | G72: 10 | H72: 46121 | I72: =A72&"|"&B72&"|"&C72&"|"&D72&"|"&E72&"|"&F72&"|"&G72&"|"&H72 -> PT0156|Kiran Nair|89|f|hypertension|Amlodipine|10|46121 | J72: =IF(COUNTIF($I$2:I72,I72)>1,"Duplicate","Unique") -> Unique
A73: PT0066 | B73: Radha Shukla | C73: 31 | D73: Female | E73: Migraine | F73: sumatriptan | G73: 50 | H73: 46166 | I73: =A73&"|"&B73&"|"&C73&"|"&D73&"|"&E73&"|"&F73&"|"&G73&"|"&H73 -> PT0066|Radha Shukla|31| Female| Migraine |sumatriptan|50|46166 | J73: =IF(COUNTIF($I$2:I73,I73)>1,"Duplicate","Unique") -> Unique
A74: PT0204 | B74: Kavita Sharma | C74: 46 | D74: FEMALE | F74: salbutamol | G74: 165 | H74: 45715 | I74: =A74&"|"&B74&"|"&C74&"|"&D74&"|"&E74&"|"&F74&"|"&G74&"|"&H74 -> PT0204|Kavita Sharma|46|FEMALE||salbutamol|165|45715 | J74: =IF(COUNTIF($I$2:I74,I74)>1,"Duplicate","Unique") -> Unique
A75: PT0056 | B75: Alok Mishra | C75: 42 | D75: MALE | E75: DIABETES | F75: Metformin | G75: 1000 | H75: 46254 | I75: =A75&"|"&B75&"|"&C75&"|"&D75&"|"&E75&"|"&F75&"|"&G75&"|"&H75 -> PT0056|Alok Mishra|42|MALE|DIABETES|Metformin|1000|46254 | J75: =IF(COUNTIF($I$2:I75,I75)>1,"Duplicate","Unique") -> Unique
A76: PT0129 | B76: Nisha Chauhan | C76: 41 | D76: FEMALE | E76: Hypertension | F76: Amlodipine | H76: 46246 | I76: =A76&"|"&B76&"|"&C76&"|"&D76&"|"&E76&"|"&F76&"|"&G76&"|"&H76 -> PT0129|Nisha Chauhan|41|FEMALE|Hypertension |Amlodipine||46246 | J76: =IF(COUNTIF($I$2:I76,I76)>1,"Duplicate","Unique") -> Unique
A77: PT0007 | B77: Alok Rathore | C77: 20 | D77: MALE | E77: Hypertension | F77: Amlodipine | G77: 5 | H77: 45832 | I77: =A77&"|"&B77&"|"&C77&"|"&D77&"|"&E77&"|"&F77&"|"&G77&"|"&H77 -> PT0007|Alok Rathore|20|MALE|Hypertension | Amlodipine |5|45832 | J77: =IF(COUNTIF($I$2:I77,I77)>1,"Duplicate","Unique") -> Unique
A78: PT0068 | B78: Ravi Joshi | C78: 32 | D78: Male | E78: Flu | F78: Paracetamol | G78: 605 | H78: 45754 | I78: =A78&"|"&B78&"|"&C78&"|"&D78&"|"&E78&"|"&F78&"|"&G78&"|"&H78 -> PT0068|Ravi Joshi|32|Male |Flu| Paracetamol |605|45754 | J78: =IF(COUNTIF($I$2:I78,I78)>1,"Duplicate","Unique") -> Unique
A79: PT0123 | B79: Suman Saxena | C79: 45 | D79: FEMALE | E79: DIABETES | F79: Metformin | G79: 575 | H79: 46015 | I79: =A79&"|"&B79&"|"&C79&"|"&D79&"|"&E79&"|"&F79&"|"&G79&"|"&H79 -> PT0123|Suman Saxena|45|FEMALE|DIABETES|Metformin |575|46015 | J79: =IF(COUNTIF($I$2:I79,I79)>1,"Duplicate","Unique") -> Unique
A80: PT0109 | B80: Manju Reddy | C80: 4 | D80: female | E80: Obesity | F80: Orlistat | G80: 80 | H80: 45768 | I80: =A80&"|"&B80&"|"&C80&"|"&D80&"|"&E80&"|"&F80&"|"&G80&"|"&H80 -> PT0109|Manju Reddy|4|female|Obesity |Orlistat|80|45768 | J80: =IF(COUNTIF($I$2:I80,I80)>1,"Duplicate","Unique") -> Unique
A81: PT0108 | B81: Divya Kumar | C81: 59 | D81: FEMALE | E81: Diabetes | F81: Metformin | G81: 970 | H81: 46031 | I81: =A81&"|"&B81&"|"&C81&"|"&D81&"|"&E81&"|"&F81&"|"&G81&"|"&H81 -> PT0108|Divya Kumar|59|FEMALE| Diabetes |Metformin |970|46031 | J81: =IF(COUNTIF($I$2:I81,I81)>1,"Duplicate","Unique") -> Duplicate
A82: PT0065 | B82: Praveen Agarwal | C82: 37 | D82: MALE | E82: ANEMIA | F82: Ferrous Sulfate | G82: 285 | H82: 45666 | I82: =A82&"|"&B82&"|"&C82&"|"&D82&"|"&E82&"|"&F82&"|"&G82&"|"&H82 -> PT0065|Praveen Agarwal|37|MALE|ANEMIA| Ferrous Sulfate |285|45666 | J82: =IF(COUNTIF($I$2:I82,I82)>1,"Duplicate","Unique") -> Unique
A83: PT0086 | B83: Rakesh Choudhary | C83: 11 | D83: MALE | E83: migraine | F83: Sumatriptan | G83: 35 | H83: 46194 | I83: =A83&"|"&B83&"|"&C83&"|"&D83&"|"&E83&"|"&F83&"|"&G83&"|"&H83 -> PT0086|Rakesh Choudhary|11|MALE|migraine| Sumatriptan |35|46194 | J83: =IF(COUNTIF($I$2:I83,I83)>1,"Duplicate","Unique") -> Unique
A84: PT0216 | B84: Seema Joshi | E84: hypertension | F84: AMLODIPINE | G84: 10 | H84: 45829 | I84: =A84&"|"&B84&"|"&C84&"|"&D84&"|"&E84&"|"&F84&"|"&G84&"|"&H84 -> PT0216|Seema Joshi|||hypertension|AMLODIPINE|10|45829 | J84: =IF(COUNTIF($I$2:I84,I84)>1,"Duplicate","Unique") -> Unique
A85: PT0201 | B85: Naveen Saxena | C85: 32 | D85: m | E85: bronchitis | F85: azithromycin | G85: 285 | H85: 45889 | I85: =A85&"|"&B85&"|"&C85&"|"&D85&"|"&E85&"|"&F85&"|"&G85&"|"&H85 -> PT0201|Naveen Saxena|32|m|bronchitis|azithromycin|285|45889 | J85: =IF(COUNTIF($I$2:I85,I85)>1,"Duplicate","Unique") -> Unique
A86: PT0164 | B86: Sandeep Gupta | C86: 79 | D86: male | E86: hypertension | F86: Amlodipine | G86: 5 | H86: 46228 | I86: =A86&"|"&B86&"|"&C86&"|"&D86&"|"&E86&"|"&F86&"|"&G86&"|"&H86 -> PT0164|Sandeep Gupta|79|male|hypertension|Amlodipine |5|46228 | J86: =IF(COUNTIF($I$2:I86,I86)>1,"Duplicate","Unique") -> Unique
A87: PT0076 | B87: Preeti Joshi | C87: 60 | D87: F | E87: Arthritis | F87: ibuprofen | G87: 360 | H87: 45972 | I87: =A87&"|"&B87&"|"&C87&"|"&D87&"|"&E87&"|"&F87&"|"&G87&"|"&H87 -> PT0076|Preeti Joshi|60|F|Arthritis|ibuprofen|360|45972 | J87: =IF(COUNTIF($I$2:I87,I87)>1,"Duplicate","Unique") -> Unique
A88: PT0119 | B88: Priya Pandey | C88: 22 | D88: f | E88: DIABETES | F88: metformin | G88: 645 | H88: 45831 | I88: =A88&"|"&B88&"|"&C88&"|"&D88&"|"&E88&"|"&F88&"|"&G88&"|"&H88 -> PT0119|Priya Pandey|22|f|DIABETES|metformin|645|45831 | J88: =IF(COUNTIF($I$2:I88,I88)>1,"Duplicate","Unique") -> Unique
A89: PT0196 | B89: Preeti Agarwal | C89: 28 | D89: Female | G89: 30 | H89: 45542 | I89: =A89&"|"&B89&"|"&C89&"|"&D89&"|"&E89&"|"&F89&"|"&G89&"|"&H89 -> PT0196|Preeti Agarwal|28|Female |||30|45542 | J89: =IF(COUNTIF($I$2:I89,I89)>1,"Duplicate","Unique") -> Unique
A90: PT0054 | B90: Harish Pandey | C90: 38 | D90: Male | E90: COVID-19 | F90: Favipiravir | G90: 595 | H90: 45778 | I90: =A90&"|"&B90&"|"&C90&"|"&D90&"|"&E90&"|"&F90&"|"&G90&"|"&H90 -> PT0054|Harish Pandey|38|Male |COVID-19|Favipiravir|595|45778 | J90: =IF(COUNTIF($I$2:I90,I90)>1,"Duplicate","Unique") -> Unique
A91: PT0102 | B91: Geeta Chauhan | C91: 63 | D91: Female | E91: DIABETES | F91: METFORMIN | G91: 880 | I91: =A91&"|"&B91&"|"&C91&"|"&D91&"|"&E91&"|"&F91&"|"&G91&"|"&H91 -> PT0102|Geeta Chauhan|63|Female |DIABETES|METFORMIN|880| | J91: =IF(COUNTIF($I$2:I91,I91)>1,"Duplicate","Unique") -> Unique
A92: PT0140 | B92: Naveen Yadav | C92: 46 | D92: MALE | E92: Flu | F92: PARACETAMOL | G92: 575 | H92: 45889 | I92: =A92&"|"&B92&"|"&C92&"|"&D92&"|"&E92&"|"&F92&"|"&G92&"|"&H92 -> PT0140|Naveen Yadav|46|MALE|Flu |PARACETAMOL|575|45889 | J92: =IF(COUNTIF($I$2:I92,I92)>1,"Duplicate","Unique") -> Unique
A93: PT0120 | B93: Sunil Joshi | C93: 52 | D93: male | E93: HYPERTENSION | F93: amlodipine | G93: 5 | H93: 45806 | I93: =A93&"|"&B93&"|"&C93&"|"&D93&"|"&E93&"|"&F93&"|"&G93&"|"&H93 -> PT0120|Sunil Joshi|52|male|HYPERTENSION|amlodipine|5|45806 | J93: =IF(COUNTIF($I$2:I93,I93)>1,"Duplicate","Unique") -> Unique
A94: PT0189 | B94: Vijay Gupta | C94: 49 | D94: m | E94: Hypertension | F94: Amlodipine | G94: 10 | H94: 45669 | I94: =A94&"|"&B94&"|"&C94&"|"&D94&"|"&E94&"|"&F94&"|"&G94&"|"&H94 -> PT0189|Vijay Gupta|49|m|Hypertension | Amlodipine |10|45669 | J94: =IF(COUNTIF($I$2:I94,I94)>1,"Duplicate","Unique") -> Unique
A95: PT0059 | B95: Geeta Gupta | C95: 59 | D95: F | F95: Sumatriptan | G95: 85 | H95: 46231 | I95: =A95&"|"&B95&"|"&C95&"|"&D95&"|"&E95&"|"&F95&"|"&G95&"|"&H95 -> PT0059|Geeta Gupta|59|F|| Sumatriptan |85|46231 | J95: =IF(COUNTIF($I$2:I95,I95)>1,"Duplicate","Unique") -> Unique
A96: PT0028 | B96: Rakesh Mishra | C96: 49 | D96: Male | E96: Hypertension | F96: amlodipine | G96: 5 | H96: 45770 | I96: =A96&"|"&B96&"|"&C96&"|"&D96&"|"&E96&"|"&F96&"|"&G96&"|"&H96 -> PT0028|Rakesh Mishra|49|Male|Hypertension|amlodipine|5|45770 | J96: =IF(COUNTIF($I$2:I96,I96)>1,"Duplicate","Unique") -> Unique
A97: PT0051 | B97: Ashok Sharma | C97: 78 | D97: Male | E97: anemia | F97: Ferrous Sulfate | G97: 220 | H97: 46094 | I97: =A97&"|"&B97&"|"&C97&"|"&D97&"|"&E97&"|"&F97&"|"&G97&"|"&H97 -> PT0051|Ashok Sharma|78|Male|anemia|Ferrous Sulfate |220|46094 | J97: =IF(COUNTIF($I$2:I97,I97)>1,"Duplicate","Unique") -> Unique
A98: PT0186 | B98: Dinesh Rao | C98: 52 | D98: M | E98: anemia | F98: Ferrous Sulfate | G98: 230 | H98: 45976 | I98: =A98&"|"&B98&"|"&C98&"|"&D98&"|"&E98&"|"&F98&"|"&G98&"|"&H98 -> PT0186|Dinesh Rao|52|M|anemia|Ferrous Sulfate |230|45976 | J98: =IF(COUNTIF($I$2:I98,I98)>1,"Duplicate","Unique") -> Unique
A99: PT0210 | B99: Preeti Kumar | C99: 52 | D99: F | E99: Hypertension | F99: amlodipine | G99: 5 | H99: 46079 | I99: =A99&"|"&B99&"|"&C99&"|"&D99&"|"&E99&"|"&F99&"|"&G99&"|"&H99 -> PT0210|Preeti Kumar|52|F| Hypertension |amlodipine|5|46079 | J99: =IF(COUNTIF($I$2:I99,I99)>1,"Duplicate","Unique") -> Unique
A100: PT0026 | B100: Sunil Patel | C100: 64 | D100: Male | E100: ANEMIA | F100: Ferrous Sulfate | G100: 260 | H100: 46223 | I100: =A100&"|"&B100&"|"&C100&"|"&D100&"|"&E100&"|"&F100&"|"&G100&"|"&H100 -> PT0026|Sunil Patel|64| Male|ANEMIA| Ferrous Sulfate |260|46223 | J100: =IF(COUNTIF($I$2:I100,I100)>1,"Duplicate","Unique") -> Unique
A101: PT0079 | C101: 47 | D101: Female | E101: Allergy | F101: cetirizine | G101: 5 | H101: 45677 | I101: =A101&"|"&B101&"|"&C101&"|"&D101&"|"&E101&"|"&F101&"|"&G101&"|"&H101 -> PT0079||47| Female| Allergy |cetirizine|5|45677 | J101: =IF(COUNTIF($I$2:I101,I101)>1,"Duplicate","Unique") -> Unique
A102: PT0033 | B102: Meena Rao | C102: 27 | D102: Female | E102: DIABETES | F102: Metformin | G102: 655 | H102: 45613 | I102: =A102&"|"&B102&"|"&C102&"|"&D102&"|"&E102&"|"&F102&"|"&G102&"|"&H102 -> PT0033|Meena Rao|27|Female|DIABETES| Metformin |655|45613 | J102: =IF(COUNTIF($I$2:I102,I102)>1,"Duplicate","Unique") -> Unique
A103: PT0112 | B103: Rakesh Agarwal | C103: 87 | D103: M | E103: Asthma | F103: Salbutamol | G103: 170 | H103: 45884 | I103: =A103&"|"&B103&"|"&C103&"|"&D103&"|"&E103&"|"&F103&"|"&G103&"|"&H103 -> PT0112|Rakesh Agarwal|87|M| Asthma |Salbutamol |170|45884 | J103: =IF(COUNTIF($I$2:I103,I103)>1,"Duplicate","Unique") -> Unique
A104: PT0139 | B104: Swati Reddy | C104: 45 | D104: F | E104: Anemia | F104: FERROUS SULFATE | G104: 290 | H104: 46129 | I104: =A104&"|"&B104&"|"&C104&"|"&D104&"|"&E104&"|"&F104&"|"&G104&"|"&H104 -> PT0139|Swati Reddy|45|F| Anemia |FERROUS SULFATE|290|46129 | J104: =IF(COUNTIF($I$2:I104,I104)>1,"Duplicate","Unique") -> Unique
...

Sheet Data Quality Report
B2: Data Quality Report
B3: Issues found in the raw data, and how they were resolved
B5: 1. Raw Dataset Overview
B6: Total raw rows collected | C6: =COUNTA('Raw Data'!A2:A251) -> 250
B7: Exact duplicate rows found | C7: =COUNTIF('Raw Data'!J2:J251,"Duplicate") -> 20
B8: Invalid ages found (≤0 or >110) | C8: =COUNTIF('Raw Data'!C2:C251,"<=0")+COUNTIF('Raw Data'!C2:C251,">110") -> 4
B10: 2. Missing Values by Column (Raw Data)
B11: Column | C11: Missing Count | D11: % of Raw Rows
B12: Name | C12: =COUNTBLANK('Raw Data'!B2:B251) -> 3 | D12: =C12/250 -> 0.012
B13: Age | C13: =COUNTBLANK('Raw Data'!C2:C251) -> 10 | D13: =C13/250 -> 0.04
B14: Gender | C14: =COUNTBLANK('Raw Data'!D2:D251) -> 7 | D14: =C14/250 -> 0.028
B15: Disease | C15: =COUNTBLANK('Raw Data'!E2:E251) -> 10 | D15: =C15/250 -> 0.04
B16: Medication | C16: =COUNTBLANK('Raw Data'!F2:F251) -> 12 | D16: =C16/250 -> 0.048
B17: Dosage_mg | C17: =COUNTBLANK('Raw Data'!G2:G251) -> 8 | D17: =C17/250 -> 0.032
B18: Admission_Date | C18: =COUNTBLANK('Raw Data'!H2:H251) -> 8 | D18: =C18/250 -> 0.032
B20: 3. Cleaning Actions Taken
B21: • Removed exact duplicate rows (identical PatientID and every field) — kept the first occurrence. Detected using the Duplicate_Flag helper column on the Raw Data sheet.
B22: • Trimmed extra whitespace and standardized text case for Gender ('MALE'/'m'/' Male ' → 'Male'), Disease and Medication (title case).
B23: • Treated ages ≤ 0 or > 110 as data-entry errors, reset to missing, then imputed with the dataset median age.
B24: • Imputed remaining missing Age values with the overall median age.
B25: • Imputed missing Dosage_mg with the median dosage recorded for that same medication (overall median used as a fallback).
B26: • Missing Gender recoded as 'Unknown'; missing Disease/Medication recoded as 'Not Specified' — kept instead of deleting the row, so the rest of the patient's data is not lost.
B27: • Missing Admission_Date left blank (not imputed) — a fabricated date would be misleading.
B29: 4. Result
B30: Rows in cleaned dataset | C30: =COUNTA('Cleaned Data'!A2:A231) -> 230

Sheet Cleaned Data
A1: PatientID | B1: Name | C1: Age | D1: Gender | E1: Disease | F1: Medication | G1: Dosage_mg | H1: Admission_Date
A2: PT0137 | B2: Rohit Nair | C2: 58 | D2: Male | E2: Arthritis | F2: Ibuprofen | G2: 320 | H2: 45731
A3: PT0035 | B3: Alok Mishra | C3: 55 | D3: Male | E3: Diabetes | F3: Metformin | G3: 755 | H3: 45596
A4: PT0214 | B4: Vinod Chauhan | C4: 50 | D4: Male | E4: Depression | F4: Sertraline | G4: 75 | H4: 45690
A5: PT0088 | B5: Payal Shukla | C5: 58 | D5: Female | E5: Diabetes | F5: Not Specified | G5: 765 | H5: 45794
A6: PT0198 | B6: Sanjay Shukla | C6: 39 | D6: Male | E6: Flu | F6: Paracetamol | G6: 550 | H6: 45697
A7: PT0002 | B7: Priya Gupta | C7: 55 | D7: Female | E7: Diabetes | F7: Metformin | G7: 820 | H7: 46152
A8: PT0142 | B8: Ritu Pandey | C8: 74 | D8: Female | E8: Hypertension | F8: Amlodipine | G8: 10 | H8: 46258
A9: PT0150 | B9: Suresh Joshi | C9: 45 | D9: Unknown | E9: Hypertension | F9: Amlodipine | G9: 10 | H9: 45565
A10: PT0074 | B10: Sarita Reddy | C10: 23 | D10: Female | E10: Asthma | F10: Salbutamol | G10: 185 | H10: 45791
A11: PT0095 | B11: Preeti Agarwal | C11: 59 | D11: Female | E11: Hypertension | F11: Amlodipine | G11: 5 | H11: 45891
A12: PT0011 | B12: Gopal Rao | C12: 48 | D12: Male | E12: Bronchitis | F12: Azithromycin | G12: 265 | H12: 45770
A13: PT0015 | B13: Arjun Rathore | C13: 57 | D13: Male | E13: Not Specified | F13: Salbutamol | G13: 145 | H13: 45584
... A16: PT0032 | B16: Gopal Singh | C16: 56 | D16: Male | E16: Hypertension | F16: Amlodipine | G16: 10 | H16: 45647
A17: PT0151 | B17: Swati Verma | C17: 40 | D17: Female | E17: Hypertension | F17: Not Specified | G17: 10
A18: PT0069 | B18: Karan Kumar | C18: 37 | D18: Male | E18: Migraine | F18: Sumatriptan | G18: 75 | H18: 45631
A19: PT0144 | B19: Ramesh Reddy | C19: 43 | D19: Male | E19: Thyroid Disorder | F19: Levothyroxine | G19: 75 | H19: 45638
A20: PT0108 | B20: Divya Kumar | C20: 59 | D20: Female | E20: Diabetes | F20: Metformin | G20: 970 | H20: 46031
A21: PT0218 | B21: Swati Choudhary | C21: 31 | D21: Female | E21: Migraine | F21: Sumatriptan | G21: 75 | H21: 46155
A22: PT0162 | B22: Pooja Rao | C22: 52 | D22: Female | E22: Depression | F22: Sertraline | G22: 80 | H22: 46079
A23: PT0202 | B23: Suman Choudhary | C23: 50 | D23: Female | E23: Asthma | F23: Salbutamol | G23: 145 | H23: 45582
A24: PT0055 | B24: Karan Kumar | C24: 48 | D24: Male | E24: Anemia | F24: Ferrous Sulfate | G24: 250 | H24: 45957
A25: PT0160 | B25: Dinesh Yadav | C25: 33 | D25: Male | E25: Migraine | F25: Sumatriptan | G25: 30 | H25: 45852
A26: PT0037 | B26: Sarita Rao | C26: 34 | D26: Female | E26: Diabetes | F26: Metformin | G26: 635 | H26: 45595
A27: PT0084 | B27: Nisha Nair | C27: 38 | D27: Female | E27: Hypertension | F27: Amlodipine | G27: 10 | H27: 46220
A28: PT0057 | B28: Ritu Verma | C28: 53 | D28: Female | E28: Obesity | F28: Orlistat | G28: 95 | H28: 45894
A29: PT0225 | B29: Arjun Yadav | C29: 10 | D29: Male | E29: Diabetes | F29: Metformin | G29: 740 | H29: 46194
... A43: PT0161 | B43: Amit Choudhary | C43: 39 | D43: Male | E43: Allergy | F43: Cetirizine | G43: 10 | H43: 45961
A44: PT0036 | B44: Priya Shukla | C44: 63 | D44: Female | E44: Diabetes | F44: Metformin | G44: 1000
A45: PT0175 | B45: Gopal Saxena | C45: 51 | D45: Male | E45: Flu | F45: Paracetamol | G45: 520 | H45: 46114
A46: PT0101 | B46: Mahesh Shukla | C46: 34 | D46: Male | E46: Flu | F46: Paracetamol | G46: 575 | H46: 45753
A47: PT0060 | B47: Ashok Chauhan | C47: 42 | D47: Male | E47: Gastritis | F47: Omeprazole | G47: 20 | H47: 45803
A48: PT0073 | B48: Pooja Sharma | C48: 73 | D48: Female | E48: Allergy | F48: Cetirizine | G48: 10 | H48: 45760
A49: PT0063 | B49: Sarita Pandey | C49: 86 | D49: Female | E49: Asthma | F49: Salbutamol | G49: 130 | H49: 45908
A50: PT0105 | B50: Vijay Agarwal | C50: 50 | D50: Male | E50: Diabetes | F50: Metformin | G50: 870 | H50: 45913
A51: PT0009 | B51: Shalini Rathore | C51: 54 | D51: Female | E51: Migraine | F51: Sumatriptan | G51: 35 | H51: 46159
A52: PT0052 | B52: Shweta Choudhary | C52: 73 | D52: Female | E52: Arthritis | F52: Ibuprofen | G52: 335 | H52: 45666
A53: PT0192 | B53: Manju Reddy | C53: 24 | D53: Female | E53: Diabetes | F53: Metformin | G53: 920 | H53: 46029
A54: PT0019 | B54: Suman Pandey | C54: 46 | D54: Female | E54: Anemia | F54: Ferrous Sulfate | G54: 315 | H54: 45805
A55: PT0110 | B55: Suman Sharma | C55: 16 | D55: Female | E55: Anemia | F55: Ferrous Sulfate | G55: 220 | H55: 45816
A56: PT0194 | B56: Alok Rao | C56: 31 | D56: Male | E56: Covid-19 | F56: Favipiravir | G56: 1790 | H56: 46164
... A65: PT0153 | B65: Deepak Nair | C65: 54 | D65: Male | E65: Asthma | F65: Salbutamol | G65: 140 | H65: 46006
A66: PT0042 | B66: Sanjay Chauhan | C66: 32 | D66: Male | E66: Diabetes | F66: Metformin | G66: 750
A67: PT0050 | B67: Gopal Tiwari | C67: 55 | D67: Male | E67: Hypertension | F67: Amlodipine | G67: 5 | H67: 46100
A68: PT0220 | B68: Anil Verma | C68: 46 | D68: Male | E68: Diabetes | F68: Metformin | G68: 780 | H68: 45985
A69: PT0075 | B69: Suresh Joshi | C69: 58 | D69: Male | E69: Asthma | F69: Salbutamol | G69: 185 | H69: 46145
A70: PT0156 | B70: Kiran Nair | C70: 89 | D70: Female | E70: Hypertension | F70: Amlodipine | G70: 10 | H70: 46121
A71: PT0066 | B71: Radha Shukla | C71: 31 | D71: Female | E71: Migraine | F71: Sumatriptan | G71: 50 | H71: 46166
A72: PT0204 | B72: Kavita Sharma | C72: 46 | D72: Female | E72: Not Specified | F72: Salbutamol | G72: 165 | H72: 45715
A73: PT0056 | B73: Alok Mishra | C73: 42 | D73: Male | E73: Diabetes | F73: Metformin | G73: 1000 | H73: 46254
A74: PT0129 | B74: Nisha Chauhan | C74: 41 | D74: Female | E74: Hypertension | F74: Amlodipine | G74: 5 | H74: 46246
A75: PT0007 | B75: Alok Rathore | C75: 20 | D75: Male | E75: Hypertension | F75: Amlodipine | G75: 5 | H75: 45832
A76: PT0068 | B76: Ravi Joshi | C76: 32 | D76: Male | E76: Flu | F76: Paracetamol | G76: 605 | H76: 45754
A77: PT0123 | B77: Suman Saxena | C77: 45 | D77: Female | E77: Diabetes | F77: Metformin | G77: 575 | H77: 46015
A78: PT0109 | B78: Manju Reddy | C78: 4 | D78: Female | E78: Obesity | F78: Orlistat | G78: 80 | H78: 45768
... A87: PT0054 | B87: Harish Pandey | C87: 38 | D87: Male | E87: Covid-19 | F87: Favipiravir | G87: 595 | H87: 45778
A88: PT0102 | B88: Geeta Chauhan | C88: 63 | D88: Female | E88: Diabetes | F88: Metformin | G88: 880
A89: PT0140 | B89: Naveen Yadav | C89: 46 | D89: Male | E89: Flu | F89: Paracetamol | G89: 575 | H89: 45889
A90: PT0120 | B90: Sunil Joshi | C90: 52 | D90: Male | E90: Hypertension | F90: Amlodipine | G90: 5 | H90: 45806
A91: PT0189 | B91: Vijay Gupta | C91: 49 | D91: Male | E91: Hypertension | F91: Amlodipine | G91: 10 | H91: 45669
A92: PT0059 | B92: Geeta Gupta | C92: 59 | D92: Female | E92: Not Specified | F92: Sumatriptan | G92: 85 | H92: 46231
A93: PT0028 | B93: Rakesh Mishra | C93: 49 | D93: Male | E93: Hypertension | F93: Amlodipine | G93: 5 | H93: 45770
A94: PT0051 | B94: Ashok Sharma | C94: 78 | D94: Male | E94: Anemia | F94: Ferrous Sulfate | G94: 220 | H94: 46094
A95: PT0186 | B95: Dinesh Rao | C95: 52 | D95: Male | E95: Anemia | F95: Ferrous Sulfate | G95: 230 | H95: 45976
A96: PT0210 | B96: Preeti Kumar | C96: 52 | D96: Female | E96: Hypertension | F96: Amlodipine | G96: 5 | H96: 46079
A97: PT0026 | B97: Sunil Patel | C97: 64 | D97: Male | E97: Anemia | F97: Ferrous Sulfate | G97: 260 | H97: 46223
A98: PT0079 | B98: Unknown Patient | C98: 47 | D98: Female | E98: Allergy | F98: Cetirizine | G98: 5 | H98: 45677
A99: PT0033 | B99: Meena Rao | C99: 27 | D99: Female | E99: Diabetes | F99: Metformin | G99: 655 | H99: 45613
A100: PT0112 | B100: Rakesh Agarwal | C100: 87 | D100: Male | E100: Asthma | F100: Salbutamol | G100: 170 | H100: 45884
... A108: PT0022 | B108: Vinod Chauhan | C108: 38 | D108: Male | E108: Asthma | F108: Salbutamol | G108: 115 | H108: 45907
A109: PT0006 | B109: Puneet Shukla | C109: 25 | D109: Male | E109: Hypertension | F109: Amlodipine | G109: 10
A110: PT0211 | B110: Harish Rathore | C110: 18 | D110: Male | E110: Migraine | F110: Sumatriptan | G110: 45 | H110: 45777
A111: PT0090 | B111: Lata Verma | C111: 39 | D111: Female | E111: Bronchitis | F111: Azithromycin | G111: 325 | H111: 45740
A112: PT0048 | B112: Meena Chauhan | C112: 83 | D112: Female | E112: Diabetes | F112: Metformin | G112: 905 | H112: 45806
A113: PT0034 | B113: Ritu Rao | C113: 51 | D113: Female | E113: Hypertension | F113: Amlodipine | G113: 5 | H113: 45631
A114: PT0071 | B114: Sunita Mishra | C114: 70 | D114: Female | E114: Bronchitis | F114: Azithromycin | G114: 395 | H114: 45960
A115: PT0038 | B115: Ashok Verma | C115: 27 | D115: Male | E115: Bronchitis | F115: Azithromycin | G115: 265 | H115: 45587
A116: PT0103 | B116: Ashok Sharma | C116: 33 | D116: Male | E116: Diabetes | F116: Metformin | G116: 760 | H116: 46036
A117: PT0082 | B117: Rahul Choudhary | C117: 51 | D117: Male | E117: Flu | F117: Paracetamol | G117: 500 | H117: 45896
A118: PT0227 | B118: Praveen Rathore | C118: 60 | D118: Male | E118: Thyroid Disorder | F118: Levothyroxine | G118: 75 | H118: 46033
A119: PT0046 | B119: Karan Reddy | C119: 33 | D119: Male | E119: Hypertension | F119: Amlodipine | G119: 10 | H119: 46215
A120: PT0044 | B120: Suresh Gupta | C120: 72 | D120: Male | E120: Asthma | F120: Salbutamol | G120: 180 | H120: 45807
A121: PT0222 | B121: Amit Chauhan | C121: 75 | D121: Male | E121: Hypertension | F121: Amlodipine | G121: 5 | H121: 46107
A122: PT0132 | B122: Ashok Joshi | C122: 88 | D122: Male | E122: Flu | F122: Paracetamol | G122: 530
A123: PT0117 | B123: Usha Verma | C123: 22 | D123: Female | E123: Thyroid Disorder | F123: Levothyroxine | G123: 55 | H123: 46176
A124: PT0169 | B124: Pooja Verma | C124: 59 | D124: Female | E124: Not Specified | F124: Not Specified | G124: 115 | H124: 45776
A125: PT0116 | B125: Komal Joshi | C125: 21 | D125: Female | E125: Diabetes | F125: Metformin | G125: 875 | H125: 45975
A126: PT0136 | B126: Gopal Yadav | C126: 42 | D126: Male | E126: Asthma | F126: Salbutamol | G126: 145 | H126: 46057
A127: PT0122 | B127: Puneet Tiwari | C127: 9 | D127: Unknown | E127: Obesity | F127: Orlistat | G127: 65 | H127: 45597
A128: PT0171 | B128: Yogesh Yadav | C128: 65 | D128: Male | E128: Obesity | F128: Orlistat | G128: 105 | H128: 45953
A129: PT0138 | B129: Praveen Yadav | C129: 43 | D129: Male | E129: Depression | F129: Sertraline | G129: 65 | H129: 45960
A130: PT0183 | B130: Kavita Nair | C130: 40 | D130: Female | E130: Allergy | F130: Cetirizine | G130: 10 | H130: 46158
A131: PT0094 | B131: Sanjay Gupta | C131: 48 | D131: Male | E131: Arthritis | F131: Ibuprofen | G131: 400 | H131: 45784
A132: PT0053 | B132: Shweta Verma | C132: 55 | D132: Female | E132: Diabetes | F132: Metformin | G132: 565 | H132: 45898
A133: PT0131 | B133: Anjali Tiwari | C133: 24 | D133: Female | E133: Flu | F133: Paracetamol | G133: 580 | H133: 45537
A134: PT0078 | B134: Manoj Reddy | C134: 27 | D134: Male | E134: Asthma | F134: Salbutamol | G134: 135 | H134: 45817
... A163: PT0085 | B163: Arjun Kumar | C163: 67 | D163: Male | E163: Covid-19 | F163: Favipiravir | G163: 1565 | H163: 45563
A164: PT0062 | B164: Praveen Singh | C164: 57 | D164: Male | E164: Flu | F164: Paracetamol | G164: 590
A165: PT0083 | B165: Kiran Pandey | C165: 17 | D165: Female | E165: Obesity | F165: Orlistat | G165: 75 | H165: 46035
A166: PT0126 | B166: Radha Choudhary | C166: 50 | D166: Female | E166: Not Specified | F166: Ibuprofen | G166: 327 | H166: 46224
...

Sheet Analysis Summary
B2: Analysis Summary
B3: Basic analysis of the cleaned dataset (all figures are live formulas)
B5: Overview
B6: Total Patients | C6: =COUNTA('Cleaned Data'!A2:A231) -> 230
B7: Average Age (yrs) | C7: =ROUND(AVERAGE('Cleaned Data'!C2:C231),1) -> 46.4
B8: Median Age (yrs) | C8: =MEDIAN('Cleaned Data'!C2:C231) -> 46
B9: Youngest Patient (yrs) | C9: =MIN('Cleaned Data'!C2:C231) -> 4
B10: Oldest Patient (yrs) | C10: =MAX('Cleaned Data'!C2:C231) -> 95
B11: Average Dosage (mg) | C11: =ROUND(AVERAGE('Cleaned Data'!G2:G231),1) -> 275.3
B13: Gender Distribution
B14: Gender | C14: Patient Count | D14: % of Total
B15: Male | C15: =COUNTIF('Cleaned Data'!D2:D231,"Male") -> 114 | D15: =C15/'Analysis Summary'!$C$6 -> 0.49565217
B16: Female | C16: =COUNTIF('Cleaned Data'!D2:D231,"Female") -> 110 | D16: =C16/'Analysis Summary'!$C$6 -> 0.47826087
B17: Unknown | C17: =COUNTIF('Cleaned Data'!D2:D231,"Unknown") -> 6 | D17: =C17/'Analysis Summary'!$C$6 -> 0.026086957
B19: Most Common Diseases
B20: Disease | C20: Patient Count | D20: % of Total | E20: Avg. Age of Patients
B21: Hypertension | C21: =COUNTIF('Cleaned Data'!E2:E231,"Hypertension") -> 43 | D21: =C21/'Analysis Summary'!$C$6 -> 0.18695652 | E21: =ROUND(AVERAGEIFS('Cleaned Data'!C2:C231,'Cleaned Data'!E2:E231,B21),1) -> 48.6
B22: Diabetes | C22: =COUNTIF('Cleaned Data'!E2:E231,"Diabetes") -> 30 | D22: =C22/'Analysis Summary'!$C$6 -> 0.13043478 | E22: =ROUND(AVERAGEIFS('Cleaned Data'!C2:C231,'Cleaned Data'!E2:E231,B22),1) -> 46.2
B23: Flu | C23: =COUNTIF('Cleaned Data'!E2:E231,"Flu") -> 22 | D23: =C23/'Analysis Summary'!$C$6 -> 0.095652174 | E23: =ROUND(AVERAGEIFS('Cleaned Data'!C2:C231,'Cleaned Data'!E2:E231,B23),1) -> 49.6
B24: Migraine | C24: =COUNTIF('Cleaned Data'!E2:E231,"Migraine") -> 19 | D24: =C24/'Analysis Summary'!$C$6 -> 0.082608696 | E24: =ROUND(AVERAGEIFS('Cleaned Data'!C2:C231,'Cleaned Data'!E2:E231,B24),1) -> 40.1
B25: Asthma | C25: =COUNTIF('Cleaned Data'!E2:E231,"Asthma") -> 18 | D25: =C25/'Analysis Summary'!$C$6 -> 0.07826087 | E25: =ROUND(AVERAGEIFS('Cleaned Data'!C2:C231,'Cleaned Data'!E2:E231,B25),1) -> 49.9
B26: Anemia | C26: =COUNTIF('Cleaned Data'!E2:E231,"Anemia") -> 16 | D26: =C26/'Analysis Summary'!$C$6 -> 0.069565217 | E26: =ROUND(AVERAGEIFS('Cleaned Data'!C2:C231,'Cleaned Data'!E2:E231,B26),1) -> 44.3
B27: Arthritis | C27: =COUNTIF('Cleaned Data'!E2:E231,"Arthritis") -> 14 | D27: =C27/'Analysis Summary'!$C$6 -> 0.060869565 | E27: =ROUND(AVERAGEIFS('Cleaned Data'!C2:C231,'Cleaned Data'!E2:E231,B27),1) -> 50.4
B28: Bronchitis | C28: =COUNTIF('Cleaned Data'!E2:E231,"Bronchitis") -> 14 | D28: =C28/'Analysis Summary'!$C$6 -> 0.060869565 | E28: =ROUND(AVERAGEIFS('Cleaned Data'!C2:C231,'Cleaned Data'!E2:E231,B28),1) -> 48.6
B29: Obesity | C29: =COUNTIF('Cleaned Data'!E2:E231,"Obesity") -> 12 | D29: =C29/'Analysis Summary'!$C$6 -> 0.052173913 | E29: =ROUND(AVERAGEIFS('Cleaned Data'!C2:C231,'Cleaned Data'!E2:E231,B29),1) -> 35.2
B30: Allergy | C30: =COUNTIF('Cleaned Data'!E2:E231,"Allergy") -> 10 | D30: =C30/'Analysis Summary'!$C$6 -> 0.043478261 | E30: =ROUND(AVERAGEIFS('Cleaned Data'!C2:C231,'Cleaned Data'!E2:E231,B30),1) -> 48.8
B31: Not Specified | C31: =COUNTIF('Cleaned Data'!E2:E231,"Not Specified") -> 9 | D31: =C31/'Analysis Summary'!$C$6 -> 0.039130435 | E31: =ROUND(AVERAGEIFS('Cleaned Data'!C2:C231,'Cleaned Data'!E2:E231,B31),1) -> 47.2
B32: Thyroid Disorder | C32: =COUNTIF('Cleaned Data'!E2:E231,"Thyroid Disorder") -> 8 | D32: =C32/'Analysis Summary'!$C$6 -> 0.034782609 | E32: =ROUND(AVERAGEIFS('Cleaned Data'!C2:C231,'Cleaned Data'!E2:E231,B32),1) -> 54.4
B33: Depression | C33: =COUNTIF('Cleaned Data'!E2:E231,"Depression") -> 7 | D33: =C33/'Analysis Summary'!$C$6 -> 0.030434783 | E33: =ROUND(AVERAGEIFS('Cleaned Data'!C2:C231,'Cleaned Data'!E2:E231,B33),1) -> 39.3
B34: Covid-19 | C34: =COUNTIF('Cleaned Data'!E2:E231,"Covid-19") -> 5 | D34: =C34/'Analysis Summary'!$C$6 -> 0.02173913 | E34: =ROUND(AVERAGEIFS('Cleaned Data'!C2:C231,'Cleaned Data'!E2:E231,B34),1) -> 43.8
B35: Gastritis | C35: =COUNTIF('Cleaned Data'!E2:E231,"Gastritis") -> 3 | D35: =C35/'Analysis Summary'!$C$6 -> 0.013043478 | E35: =ROUND(AVERAGEIFS('Cleaned Data'!C2:C231,'Cleaned Data'!E2:E231,B35),1) -> 27.7
B37: Most Prescribed Medications
B38: Medication | C38: Times Prescribed | D38: Avg. Dosage (mg)
B39: Amlodipine | C39: =COUNTIF('Cleaned Data'!F2:F231,"Amlodipine") -> 42 | D39: =ROUND(AVERAGEIFS('Cleaned Data'!G2:G231,'Cleaned Data'!F2:F231,B39),1) -> 6.9
B40: Metformin | C40: =COUNTIF('Cleaned Data'!F2:F231,"Metformin") -> 30 | D40: =ROUND(AVERAGEIFS('Cleaned Data'!G2:G231,'Cleaned Data'!F2:F231,B40),1) -> 760.5
B41: Sumatriptan | C41: =COUNTIF('Cleaned Data'!F2:F231,"Sumatriptan") -> 21 | D41: =ROUND(AVERAGEIFS('Cleaned Data'!G2:G231,'Cleaned Data'!F2:F231,B41),1) -> 63.7
B42: Paracetamol | C42: =COUNTIF('Cleaned Data'!F2:F231,"Paracetamol") -> 19 | D42: =ROUND(AVERAGEIFS('Cleaned Data'!G2:G231,'Cleaned Data'!F2:F231,B42),1) -> 562.4
B43: Salbutamol | C43: =COUNTIF('Cleaned Data'!F2:F231,"Salbutamol") -> 18 | D43: =ROUND(AVERAGEIFS('Cleaned Data'!G2:G231,'Cleaned Data'!F2:F231,B43),1) -> 153.9
B44: Ibuprofen | C44: =COUNTIF('Cleaned Data'!F2:F231,"Ibuprofen") -> 16 | D44: =ROUND(AVERAGEIFS('Cleaned Data'!G2:G231,'Cleaned Data'!F2:F231,B44),1) -> 331.5
B45: Ferrous Sulfate | C45: =COUNTIF('Cleaned Data'!F2:F231,"Ferrous Sulfate") -> 16 | D45: =ROUND(AVERAGEIFS('Cleaned Data'!G2:G231,'Cleaned Data'!F2:F231,B45),1) -> 253.8
B46: Azithromycin | C46: =COUNTIF('Cleaned Data'!F2:F231,"Azithromycin") -> 13 | D46: =ROUND(AVERAGEIFS('Cleaned Data'!G2:G231,'Cleaned Data'!F2:F231,B46),1) -> 332.7
B47: Not Specified | C47: =COUNTIF('Cleaned Data'!F2:F231,"Not Specified") -> 11 | D47: =ROUND(AVERAGEIFS('Cleaned Data'!G2:G231,'Cleaned Data'!F2:F231,B47),1) -> 319.1
B48: Orlistat | C48: =COUNTIF('Cleaned Data'!F2:F231,"Orlistat") -> 11 | D48: =ROUND(AVERAGEIFS('Cleaned Data'!G2:G231,'Cleaned Data'!F2:F231,B48),1) -> 90.5
B49: Cetirizine | C49: =COUNTIF('Cleaned Data'!F2:F231,"Cetirizine") -> 10 | D49: =ROUND(AVERAGEIFS('Cleaned Data'!G2:G231,'Cleaned Data'!F2:F231,B49),1) -> 8
B50: Levothyroxine | C50: =COUNTIF('Cleaned Data'!F2:F231,"Levothyroxine") -> 8 | D50: =ROUND(AVERAGEIFS('Cleaned Data'!G2:G231,'Cleaned Data'!F2:F231,B50),1) -> 71.3
B51: Sertraline | C51: =COUNTIF('Cleaned Data'!F2:F231,"Sertraline") -> 7 | D51: =ROUND(AVERAGEIFS('Cleaned Data'!G2:G231,'Cleaned Data'!F2:F231,B51),1) -> 68.6
B52: Favipiravir | C52: =COUNTIF('Cleaned Data'!F2:F231,"Favipiravir") -> 5 | D52: =ROUND(AVERAGEIFS('Cleaned Data'!G2:G231,'Cleaned Data'!F2:F231,B52),1) -> 1200
B53: Omeprazole | C53: =COUNTIF('Cleaned Data'!F2:F231,"Omeprazole") -> 3 | D53: =ROUND(AVERAGEIFS('Cleaned Data'!G2:G231,'Cleaned Data'!F2:F231,B53),1) -> 30

Sheet Visualizations
B2: Data Visualizations
B3: Disease distribution, age distribution, gender ratio & medication usage — cleaned dataset
B5: Disease Distribution
B6: Disease | C6: Patient Count | D6: % of Total
B7: Hypertension | C7: =COUNTIF('Cleaned Data'!E2:E231,"Hypertension") -> 43 | D7: =C7/'Analysis Summary'!$C$6 -> 0.18695652
B8: Diabetes | C8: =COUNTIF('Cleaned Data'!E2:E231,"Diabetes") -> 30 | D8: =C8/'Analysis Summary'!$C$6 -> 0.13043478
B9: Flu | C9: =COUNTIF('Cleaned Data'!E2:E231,"Flu") -> 22 | D9: =C9/'Analysis Summary'!$C$6 -> 0.095652174
B10: Migraine | C10: =COUNTIF('Cleaned Data'!E2:E231,"Migraine") -> 19 | D10: =C10/'Analysis Summary'!$C$6 -> 0.082608696
B11: Asthma | C11: =COUNTIF('Cleaned Data'!E2:E231,"Asthma") -> 18 | D11: =C11/'Analysis Summary'!$C$6 -> 0.07826087
B12: Anemia | C12: =COUNTIF('Cleaned Data'!E2:E231,"Anemia") -> 16 | D12: =C12/'Analysis Summary'!$C$6 -> 0.069565217
B13: Arthritis | C13: =COUNTIF('Cleaned Data'!E2:E231,"Arthritis") -> 14 | D13: =C13/'Analysis Summary'!$C$6 -> 0.060869565
B14: Bronchitis | C14: =COUNTIF('Cleaned Data'!E2:E231,"Bronchitis") -> 14 | D14: =C14/'Analysis Summary'!$C$6 -> 0.060869565
B15: Obesity | C15: =COUNTIF('Cleaned Data'!E2:E231,"Obesity") -> 12 | D15: =C15/'Analysis Summary'!$C$6 -> 0.052173913
B16: Allergy | C16: =COUNTIF('Cleaned Data'!E2:E231,"Allergy") -> 10 | D16: =C16/'Analysis Summary'!$C$6 -> 0.043478261
B17: Not Specified | C17: =COUNTIF('Cleaned Data'!E2:E231,"Not Specified") -> 9 | D17: =C17/'Analysis Summary'!$C$6 -> 0.039130435
B18: Thyroid Disorder | C18: =COUNTIF('Cleaned Data'!E2:E231,"Thyroid Disorder") -> 8 | D18: =C18/'Analysis Summary'!$C$6 -> 0.034782609
B19: Depression | C19: =COUNTIF('Cleaned Data'!E2:E231,"Depression") -> 7 | D19: =C19/'Analysis Summary'!$C$6 -> 0.030434783
B20: Covid-19 | C20: =COUNTIF('Cleaned Data'!E2:E231,"Covid-19") -> 5 | D20: =C20/'Analysis Summary'!$C$6 -> 0.02173913
B21: Gastritis | C21: =COUNTIF('Cleaned Data'!E2:E231,"Gastritis") -> 3 | D21: =C21/'Analysis Summary'!$C$6 -> 0.013043478
B24: Age Distribution
B25: Age Range | C25: Patient Count | D25: % of Total
B26: 0-10 | C26: =COUNTIFS('Cleaned Data'!C2:C231,">=0",'Cleaned Data'!C2:C231,"<=10") -> 3 | D26: =C26/'Analysis Summary'!$C$6 -> 0.013043478
B27: 11-20 | C27: =COUNTIFS('Cleaned Data'!C2:C231,">=11",'Cleaned Data'!C2:C231,"<=20") -> 12 | D27: =C27/'Analysis Summary'!$C$6 -> 0.052173913
B28: 21-30 | C28: =COUNTIFS('Cleaned Data'!C2:C231,">=21",'Cleaned Data'!C2:C231,"<=30") -> 28 | D28: =C28/'Analysis Summary'!$C$6 -> 0.12173913
B29: 31-40 | C29: =COUNTIFS('Cleaned Data'!C2:C231,">=31",'Cleaned Data'!C2:C231,"<=40") -> 38 | D29: =C29/'Analysis Summary'!$C$6 -> 0.16521739
B30: 41-50 | C30: =COUNTIFS('Cleaned Data'!C2:C231,">=41",'Cleaned Data'!C2:C231,"<=50") -> 62 | D30: =C30/'Analysis Summary'!$C$6 -> 0.26956522
B31: 51-60 | C31: =COUNTIFS('Cleaned Data'!C2:C231,">=51",'Cleaned Data'!C2:C231,"<=60") -> 41 | D31: =C31/'Analysis Summary'!$C$6 -> 0.17826087
B32: 61-70 | C32: =COUNTIFS('Cleaned Data'!C2:C231,">=61",'Cleaned Data'!C2:C231,"<=70") -> 24 | D32: =C32/'Analysis Summary'!$C$6 -> 0.10434783
B33: 71-80 | C33: =COUNTIFS('Cleaned Data'!C2:C231,">=71",'Cleaned Data'!C2:C231,"<=80") -> 11 | D33: =C33/'Analysis Summary'!$C$6 -> 0.047826087
B34: 81-90 | C34: =COUNTIFS('Cleaned Data'!C2:C231,">=81",'Cleaned Data'!C2:C231,"<=90") -> 10 | D34: =C34/'Analysis Summary'!$C$6 -> 0.043478261
B35: 91-100 | C35: =COUNTIFS('Cleaned Data'!C2:C231,">=91",'Cleaned Data'!C2:C231,"<=100") -> 1 | D35: =C35/'Analysis Summary'!$C$6 -> 0.0043478261
B38: Gender Ratio
B39: Gender | C39: Patient Count | D39: % of Total
B40: Male | C40: =COUNTIF('Cleaned Data'!D2:D231,"Male") -> 114 | D40: =C40/'Analysis Summary'!$C$6 -> 0.49565217
B41: Female | C41: =COUNTIF('Cleaned Data'!D2:D231,"Female") -> 110 | D41: =C41/'Analysis Summary'!$C$6 -> 0.47826087
B42: Unknown | C42: =COUNTIF('Cleaned Data'!D2:D231,"Unknown") -> 6 | D42: =C42/'Analysis Summary'!$C$6 -> 0.026086957
B45: Medication Usage
B46: Medication | C46: Times Prescribed | D46: % of Total
B47: Amlodipine | C47: =COUNTIF('Cleaned Data'!F2:F231,"Amlodipine") -> 42 | D47: =C47/'Analysis Summary'!$C$6 -> 0.1826087
B48: Metformin | C48: =COUNTIF('Cleaned Data'!F2:F231,"Metformin") -> 30 | D48: =C48/'Analysis Summary'!$C$6 -> 0.13043478
B49: Sumatriptan | C49: =COUNTIF('Cleaned Data'!F2:F231,"Sumatriptan") -> 21 | D49: =C49/'Analysis Summary'!$C$6 -> 0.091304348
B50: Paracetamol | C50: =COUNTIF('Cleaned Data'!F2:F231,"Paracetamol") -> 19 | D50: =C50/'Analysis Summary'!$C$6 -> 0.082608696
B51: Salbutamol | C51: =COUNTIF('Cleaned Data'!F2:F231,"Salbutamol") -> 18 | D51: =C51/'Analysis Summary'!$C$6 -> 0.07826087
B52: Ibuprofen | C52: =COUNTIF('Cleaned Data'!F2:F231,"Ibuprofen") -> 16 | D52: =C52/'Analysis Summary'!$C$6 -> 0.069565217
B53: Ferrous Sulfate | C53: =COUNTIF('Cleaned Data'!F2:F231,"Ferrous Sulfate") -> 16 | D53: =C53/'Analysis Summary'!$C$6 -> 0.069565217
B54: Azithromycin | C54: =COUNTIF('Cleaned Data'!F2:F231,"Azithromycin") -> 13 | D54: =C54/'Analysis Summary'!$C$6 -> 0.056521739
B55: Not Specified | C55: =COUNTIF('Cleaned Data'!F2:F231,"Not Specified") -> 11 | D55: =C55/'Analysis Summary'!$C$6 -> 0.047826087
B56: Orlistat | C56: =COUNTIF('Cleaned Data'!F2:F231,"Orlistat") -> 11 | D56: =C56/'Analysis Summary'!$C$6 -> 0.047826087
B57: Cetirizine | C57: =COUNTIF('Cleaned Data'!F2:F231,"Cetirizine") -> 10 | D57: =C57/'Analysis Summary'!$C$6 -> 0.043478261
B58: Levothyroxine | C58: =COUNTIF('Cleaned Data'!F2:F231,"Levothyroxine") -> 8 | D58: =C58/'Analysis Summary'!$C$6 -> 0.034782609
B59: Sertraline | C59: =COUNTIF('Cleaned Data'!F2:F231,"Sertraline") -> 7 | D59: =C59/'Analysis Summary'!$C$6 -> 0.030434783
B60: Favipiravir | C60: =COUNTIF('Cleaned Data'!F2:F231,"Favipiravir") -> 5 | D60: =C60/'Analysis Summary'!$C$6 -> 0.02173913
B61: Omeprazole | C61: =COUNTIF('Cleaned Data'!F2:F231,"Omeprazole") -> 3 | D61: =C61/'Analysis Summary'!$C$6 -> 0.013043478

Sheet Pharmacy Sales Data
A1: Pharmacy Sales Data (Cleaned)
A2: 616 transactions, 2025-09 to 2026-08. Cleaning applied: 15 duplicate transactions removed; 15 missing unit prices imputed using that product's median price, and Revenue recalculated as Quantity × Unit Price.
A4: TransactionID | B4: Sale_Date | C4: Medicine | D4: Brand_Type | E4: Product_Name | F4: Quantity_Sold | G4: Unit_Price | H4: Revenue
A5: TXN00032 | B5: 45929 | C5: Amlodipine | D5: Generic | E5: Amlodipine (Generic) | F5: 2 | G5: 15 | H5: 30
A6: TXN00484 | B6: 46202 | C6: Metformin | D6: Generic | E6: Metformin (Generic) | F6: 6 | G6: 21.56 | H6: 129.36
A7: TXN00077 | B7: 45945 | C7: Favipiravir | D7: Branded | E7: Viroguard | F7: 1 | G7: 223.09 | H7: 223.09
A8: TXN00329 | B8: 46115 | C8: Sumatriptan | D8: Branded | E8: Migranil | F8: 2 | G8: 231.47 | H8: 462.94
A9: TXN00255 | B9: 46075 | C9: Paracetamol | D9: Generic | E9: Paracetamol (Generic) | F9: 3 | G9: 9.97 | H9: 29.91
A10: TXN00052 | B10: 45961 | C10: Salbutamol | D10: Generic | E10: Salbutamol (Generic) | F10: 2 | G10: 58.33 | H10: 116.66
A11: TXN00241 | B11: 46070 | C11: Amlodipine | D11: Generic | E11: Amlodipine (Generic) | F11: 2 | G11: 15.96 | H11: 31.92
A12: TXN00214 | B12: 46038 | C12: Ibuprofen | D12: Generic | E12: Ibuprofen (Generic) | F12: 2 | G12: 18.26 | H12: 36.52
A13: TXN00308 | B13: 46093 | C13: Metformin | D13: Branded | E13: Glucofit | F13: 5 | G13: 46.35 | H13: 231.75
A14: TXN00335 | B14: 46131 | C14: Metformin | D14: Generic | E14: Metformin (Generic) | F14: 3 | G14: 19.08 | H14: 57.24
A15: TXN00196 | B15: 46038 | C15: Salbutamol | D15: Generic | E15: Salbutamol (Generic) | F15: 2 | G15: 57.85 | H15: 115.7
A16: TXN00467 | B16: 46188 | C16: Metformin | D16: Generic | E16: Metformin (Generic) | F16: 1 | G16: 18.88 | H16: 18.88
... A620: TXN00185 | B620: 46026 | C620: Orlistat | D620: Branded | E620: Slimolate | F620: 3 | G620: 365.86 | H620: 1097.58

Sheet Pharmacy Sales Analysis
B2: Pharmacy Sales Analysis
B3: Top-selling medicines, monthly growth, and branded vs. generic performance
B5: Top-Selling Medicines
B6: Medicine | C6: Units Sold | D6: Total Revenue | E6: % of Total Revenue
B7: Sumatriptan | C7: =SUMIF('Pharmacy Sales Data'!$C$5:$C$620,B7,'Pharmacy Sales Data'!$F$5:$F$620) -> 149 | D7: =SUMIF('Pharmacy Sales Data'!$C$5:$C$620,B7,'Pharmacy Sales Data'!$H$5:$H$620) -> 22266.14 | E7: =D7/$D$22 -> 0.18888326
B8: Orlistat | C8: =SUMIF('Pharmacy Sales Data'!$C$5:$C$620,B8,'Pharmacy Sales Data'!$F$5:$F$620) -> 95 | D8: =SUMIF('Pharmacy Sales Data'!$C$5:$C$620,B8,'Pharmacy Sales Data'!$H$5:$H$620) -> 20085.71 | E8: =D8/$D$22 -> 0.17038671
B9: Salbutamol | C9: =SUMIF('Pharmacy Sales Data'!$C$5:$C$620,B9,'Pharmacy Sales Data'!$F$5:$F$620) -> 195 | D9: =SUMIF('Pharmacy Sales Data'!$C$5:$C$620,B9,'Pharmacy Sales Data'!$H$5:$H$620) -> 15120.41 | E9: =D9/$D$22 -> 0.12826616
B10: Azithromycin | C10: =SUMIF('Pharmacy Sales Data'!$C$5:$C$620,B10,'Pharmacy Sales Data'!$F$5:$F$620) -> 124 | D10: =SUMIF('Pharmacy Sales Data'!$C$5:$C$620,B10,'Pharmacy Sales Data'!$H$5:$H$620) -> 9182.09 | E10: =D10/$D$22 -> 0.077891501
B11: Amlodipine | C11: =SUMIF('Pharmacy Sales Data'!$C$5:$C$620,B11,'Pharmacy Sales Data'!$F$5:$F$620) -> 372 | D11: =SUMIF('Pharmacy Sales Data'!$C$5:$C$620,B11,'Pharmacy Sales Data'!$H$5:$H$620) -> 8832.63 | E11: =D11/$D$22 -> 0.074927038
B12: Metformin | C12: =SUMIF('Pharmacy Sales Data'!$C$5:$C$620,B12,'Pharmacy Sales Data'!$F$5:$F$620) -> 290 | D12: =SUMIF('Pharmacy Sales Data'!$C$5:$C$620,B12,'Pharmacy Sales Data'!$H$5:$H$620) -> 8424.16 | E12: =D12/$D$22 -> 0.071461994
B13: Sertraline | C13: =SUMIF('Pharmacy Sales Data'!$C$5:$C$620,B13,'Pharmacy Sales Data'!$F$5:$F$620) -> 80 | D13: =SUMIF('Pharmacy Sales Data'!$C$5:$C$620,B13,'Pharmacy Sales Data'!$H$5:$H$620) -> 8102.92 | E13: =D13/$D$22 -> 0.068736921
B14: Favipiravir | C14: =SUMIF('Pharmacy Sales Data'!$C$5:$C$620,B14,'Pharmacy Sales Data'!$F$5:$F$620) -> 43 | D14: =SUMIF('Pharmacy Sales Data'!$C$5:$C$620,B14,'Pharmacy Sales Data'!$H$5:$H$620) -> 6788.02 | E14: =D14/$D$22 -> 0.057582649
B15: Ferrous Sulfate | C15: =SUMIF('Pharmacy Sales Data'!$C$5:$C$620,B15,'Pharmacy Sales Data'!$F$5:$F$620) -> 121 | D15: =SUMIF('Pharmacy Sales Data'!$C$5:$C$620,B15,'Pharmacy Sales Data'!$H$5:$H$620) -> 4834.08 | E15: =D15/$D$22 -> 0.041007412
B16: Ibuprofen | C16: =SUMIF('Pharmacy Sales Data'!$C$5:$C$620,B16,'Pharmacy Sales Data'!$F$5:$F$620) -> 140 | D16: =SUMIF('Pharmacy Sales Data'!$C$5:$C$620,B16,'Pharmacy Sales Data'!$H$5:$H$620) -> 4332.04 | E16: =D16/$D$22 -> 0.036748616
B17: Paracetamol | C17: =SUMIF('Pharmacy Sales Data'!$C$5:$C$620,B17,'Pharmacy Sales Data'!$F$5:$F$620) -> 253 | D17: =SUMIF('Pharmacy Sales Data'!$C$5:$C$620,B17,'Pharmacy Sales Data'!$H$5:$H$620) -> 3934.25 | E17: =D17/$D$22 -> 0.03337417
B18: Omeprazole | C18: =SUMIF('Pharmacy Sales Data'!$C$5:$C$620,B18,'Pharmacy Sales Data'!$F$5:$F$620) -> 71 | D18: =SUMIF('Pharmacy Sales Data'!$C$5:$C$620,B18,'Pharmacy Sales Data'!$H$5:$H$620) -> 3059.99 | E18: =D18/$D$22 -> 0.025957839
... B20: Levothyroxine | C20: =SUMIF('Pharmacy Sales Data'!$C$5:$C$620,B20,'Pharmacy Sales Data'!$F$5:$F$620) -> 32 | D20: =SUMIF('Pharmacy Sales Data'!$C$5:$C$620,B20,'Pharmacy Sales Data'!$H$5:$H$620) -> 1210.71 | E20: =D20/$D$22 -> 0.010270431
B22: Total | D22: =SUM(D7:D20) -> 117883.08
B24: Monthly Sales Trend
B25: Month | C25: Revenue | D25: Units Sold | E25: Growth % (vs. prior month)
B26: Sep-2025 | C26: =SUMIFS('Pharmacy Sales Data'!$H$5:$H$620,'Pharmacy Sales Data'!$B$5:$B$620,">="&DATE(2025,9,1),'Pharmacy Sales Data'!$B$5:$B$620,"<="&DATE(2025,9,30)) -> 6151.24 | D26: =SUMIFS('Pharmacy Sales Data'!$F$5:$F$620,'Pharmacy Sales Data'!$B$5:$B$620,">="&DATE(2025,9,1),'Pharmacy Sales Data'!$B$5:$B$620,"<="&DATE(2025,9,30)) -> 114 | E26: —
B27: Oct-2025 | C27: =SUMIFS('Pharmacy Sales Data'!$H$5:$H$620,'Pharmacy Sales Data'!$B$5:$B$620,">="&DATE(2025,10,1),'Pharmacy Sales Data'!$B$5:$B$620,"<="&DATE(2025,10,31)) -> 5640.03 | D27: =SUMIFS('Pharmacy Sales Data'!$F$5:$F$620,'Pharmacy Sales Data'!$B$5:$B$620,">="&DATE(2025,10,1),'Pharmacy Sales Data'!$B$5:$B$620,"<="&DATE(2025,10,31)) -> 135 | E27: =(C27-C26)/C26 -> -0.083106821
B28: Nov-2025 | C28: =SUMIFS('Pharmacy Sales Data'!$H$5:$H$620,'Pharmacy Sales Data'!$B$5:$B$620,">="&DATE(2025,11,1),'Pharmacy Sales Data'!$B$5:$B$620,"<="&DATE(2025,11,30)) -> 10409.97 | D28: =SUMIFS('Pharmacy Sales Data'!$F$5:$F$620,'Pharmacy Sales Data'!$B$5:$B$620,">="&DATE(2025,11,1),'Pharmacy Sales Data'!$B$5:$B$620,"<="&DATE(2025,11,30)) -> 152 | E28: =(C28-C27)/C27 -> 0.84572954
B29: Dec-2025 | C29: =SUMIFS('Pharmacy Sales Data'!$H$5:$H$620,'Pharmacy Sales Data'!$B$5:$B$620,">="&DATE(2025,12,1),'Pharmacy Sales Data'!$B$5:$B$620,"<="&DATE(2025,12,31)) -> 6230.9 | D29: =SUMIFS('Pharmacy Sales Data'!$F$5:$F$620,'Pharmacy Sales Data'!$B$5:$B$620,">="&DATE(2025,12,1),'Pharmacy Sales Data'!$B$5:$B$620,"<="&DATE(2025,12,31)) -> 141 | E29: =(C29-C28)/C28 -> -0.4014488
B30: Jan-2026 | C30: =SUMIFS('Pharmacy Sales Data'!$H$5:$H$620,'Pharmacy Sales Data'!$B$5:$B$620,">="&DATE(2026,1,1),'Pharmacy Sales Data'!$B$5:$B$620,"<="&DATE(2026,1,31)) -> 8785.45 | D30: =SUMIFS('Pharmacy Sales Data'!$F$5:$F$620,'Pharmacy Sales Data'!$B$5:$B$620,">="&DATE(2026,1,1),'Pharmacy Sales Data'!$B$5:$B$620,"<="&DATE(2026,1,31)) -> 146 | E30: =(C30-C29)/C29 -> 0.4099809
B31: Feb-2026 | C31: =SUMIFS('Pharmacy Sales Data'!$H$5:$H$620,'Pharmacy Sales Data'!$B$5:$B$620,">="&DATE(2026,2,1),'Pharmacy Sales Data'!$B$5:$B$620,"<="&DATE(2026,2,28)) -> 9982.32 | D31: =SUMIFS('Pharmacy Sales Data'!$F$5:$F$620,'Pharmacy Sales Data'!$B$5:$B$620,">="&DATE(2026,2,1),'Pharmacy Sales Data'!$B$5:$B$620,"<="&DATE(2026,2,28)) -> 141 | E31: =(C31-C30)/C30 -> 0.1362332
B32: Mar-2026 | C32: =SUMIFS('Pharmacy Sales Data'!$H$5:$H$620,'Pharmacy Sales Data'!$B$5:$B$620,">="&DATE(2026,3,1),'Pharmacy Sales Data'!$B$5:$B$620,"<="&DATE(2026,3,31)) -> 12241.83 | D32: =SUMIFS('Pharmacy Sales Data'!$F$5:$F$620,'Pharmacy Sales Data'!$B$5:$B$620,">="&DATE(2026,3,1),'Pharmacy Sales Data'!$B$5:$B$620,"<="&DATE(2026,3,31)) -> 174 | E32: =(C32-C31)/C31 -> 0.22635119
B33: Apr-2026 | C33: =SUMIFS('Pharmacy Sales Data'!$H$5:$H$620,'Pharmacy Sales Data'!$B$5:$B$620,">="&DATE(2026,4,1),'Pharmacy Sales Data'!$B$5:$B$620,"<="&DATE(2026,4,30)) -> 10492.72 | D33: =SUMIFS('Pharmacy Sales Data'!$F$5:$F$620,'Pharmacy Sales Data'!$B$5:$B$620,">="&DATE(2026,4,1),'Pharmacy Sales Data'!$B$5:$B$620,"<="&DATE(2026,4,30)) -> 213 | E33: =(C33-C32)/C32 -> -0.14287978
B34: May-2026 | C34: =SUMIFS('Pharmacy Sales Data'!$H$5:$H$620,'Pharmacy Sales Data'!$B$5:$B$620,">="&DATE(2026,5,1),'Pharmacy Sales Data'!$B$5:$B$620,"<="&DATE(2026,5,31)) -> 12543.01 | D34: =SUMIFS('Pharmacy Sales Data'!$F$5:$F$620,'Pharmacy Sales Data'!$B$5:$B$620,">="&DATE(2026,5,1),'Pharmacy Sales Data'!$B$5:$B$620,"<="&DATE(2026,5,31)) -> 229 | E34: =(C34-C33)/C33 -> 0.19540119
B35: Jun-2026 | C35: =SUMIFS('Pharmacy Sales Data'!$H$5:$H$620,'Pharmacy Sales Data'!$B$5:$B$620,">="&DATE(2026,6,1),'Pharmacy Sales Data'!$B$5:$B$620,"<="&DATE(2026,6,30)) -> 11142.52 | D35: =SUMIFS('Pharmacy Sales Data'!$F$5:$F$620,'Pharmacy Sales Data'!$B$5:$B$620,">="&DATE(2026,6,1),'Pharmacy Sales Data'!$B$5:$B$620,"<="&DATE(2026,6,30)) -> 216 | E35: =(C35-C34)/C34 -> -0.11165502
B36: Jul-2026 | C36: =SUMIFS('Pharmacy Sales Data'!$H$5:$H$620,'Pharmacy Sales Data'!$B$5:$B$620,">="&DATE(2026,7,1),'Pharmacy Sales Data'!$B$5:$B$620,"<="&DATE(2026,7,31)) -> 14877.2 | D36: =SUMIFS('Pharmacy Sales Data'!$F$5:$F$620,'Pharmacy Sales Data'!$B$5:$B$620,">="&DATE(2026,7,1),'Pharmacy Sales Data'!$B$5:$B$620,"<="&DATE(2026,7,31)) -> 231 | E36: =(C36-C35)/C35 -> 0.33517373
B37: Aug-2026 | C37: =SUMIFS('Pharmacy Sales Data'!$H$5:$H$620,'Pharmacy Sales Data'!$B$5:$B$620,">="&DATE(2026,8,1),'Pharmacy Sales Data'!$B$5:$B$620,"<="&DATE(2026,8,31)) -> 9385.89 | D37: =SUMIFS('Pharmacy Sales Data'!$F$5:$F$620,'Pharmacy Sales Data'!$B$5:$B$620,">="&DATE(2026,8,1),'Pharmacy Sales Data'!$B$5:$B$620,"<="&DATE(2026,8,31)) -> 182 | E37: =(C37-C36)/C36 -> -0.36910911
B39: Branded vs. Generic Comparison
B40: Type | C40: Units Sold | D40: Total Revenue | E40: % of Total Revenue | F40: Avg. Unit Price
B41: Branded | C41: =SUMIF('Pharmacy Sales Data'!$D$5:$D$620,B41,'Pharmacy Sales Data'!$F$5:$F$620) -> 800 | D41: =SUMIF('Pharmacy Sales Data'!$D$5:$D$620,B41,'Pharmacy Sales Data'!$H$5:$H$620) -> 68008.99 | E41: =D41/$D$22 -> 0.57691901 | F41: =AVERAGEIF('Pharmacy Sales Data'!$D$5:$D$620,B41,'Pharmacy Sales Data'!$G$5:$G$620) -> 88.43807
B42: Generic | C42: =SUMIF('Pharmacy Sales Data'!$D$5:$D$620,B42,'Pharmacy Sales Data'!$F$5:$F$620) -> 1274 | D42: =SUMIF('Pharmacy Sales Data'!$D$5:$D$620,B42,'Pharmacy Sales Data'!$H$5:$H$620) -> 49874.09 | E42: =D42/$D$22 -> 0.42308099 | F42: =AVERAGEIF('Pharmacy Sales Data'!$D$5:$D$620,B42,'Pharmacy Sales Data'!$G$5:$G$620) -> 39.124742
